frame_index,stamp_sec,stamp_nsec,base_link_x,base_link_y,base_link_yaw,base_link_op_x,base_link_op_y,base_link_op_yaw
10,11425,403000000,0.920286,-1.684419,2.323881,1.949489,1.726884,0.323972
11,11425,503000000,0.920286,-1.684419,2.323888,2.034242,1.754095,0.322295
12,11425,603000000,0.920286,-1.684419,2.323881,2.128330,1.749705,0.301737
13,11425,703000000,0.920286,-1.684419,2.323884,2.221137,1.776888,0.297999
14,11425,803000000,0.920286,-1.684419,2.323887,2.317428,1.806350,0.299265
15,11425,904000000,0.920286,-1.684419,2.323887,2.416479,1.824326,0.294132
16,11426,3000000,0.920286,-1.684419,2.323888,2.512206,1.853089,0.295328
17,11426,103000000,0.920286,-1.684419,2.323887,2.597721,1.879255,0.304303
18,11426,203000000,0.920286,-1.684419,2.323890,2.681916,1.901255,0.321679
19,11426,303000000,0.920286,-1.684419,2.323893,2.776175,1.933711,0.344359
20,11426,403000000,0.920286,-1.684419,2.323893,2.869476,1.968881,0.363390
21,11426,503000000,0.920286,-1.684419,2.323906,2.952224,1.986753,0.395992
22,11426,603000000,0.920286,-1.684419,2.299103,3.122403,2.069469,0.494341
23,11426,703000000,0.863348,-1.620966,2.273111,3.185153,2.109511,0.562339
24,11426,803000000,0.776061,-1.519361,2.273111,3.226302,2.155770,0.628762
25,11426,903000000,0.700715,-1.430123,2.273112,3.302878,2.215715,0.657503
26,11427,3000000,0.636032,-1.353457,2.273075,3.377572,2.276024,0.693902
27,11427,103000000,0.566992,-1.271636,2.273074,3.446022,2.336167,0.779063
28,11427,203000000,0.502340,-1.195039,2.273078,3.490795,2.387435,0.828982
29,11427,303000000,0.431336,-1.110976,2.273075,3.553329,2.460838,0.860123
30,11427,403000000,0.360725,-1.027274,2.263692,3.597125,2.545427,0.900646
31,11427,503000000,0.295479,-0.940694,2.146928,3.656346,2.626318,0.954922
32,11427,603000000,0.245369,-0.845748,1.984732,3.711385,2.711137,0.995193
33,11427,703000000,0.217153,-0.754465,1.821051,3.755802,2.772836,1.028648
34,11427,803000000,0.205433,-0.649070,1.648560,3.804882,2.861785,1.065828
35,11427,903000000,0.199331,-0.558908,1.660813,3.851757,2.951918,1.079070
36,11428,3000000,0.193897,-0.455315,1.660835,3.897750,3.042362,1.101715
37,11428,103000000,0.187194,-0.352829,1.660838,3.924987,3.140170,1.118292
38,11428,203000000,0.179684,-0.251147,1.660838,3.967757,3.231813,1.134771
39,11428,303000000,0.176834,-0.174173,1.666197,4.004825,3.314821,1.144959
40,11428,403000000,0.167966,-0.073766,1.666196,4.044927,3.407285,1.168513
41,11428,503000000,0.158905,0.026139,1.666194,4.061898,3.498971,1.187761
42,11428,603000000,0.175844,0.124994,1.666042,4.098157,3.592727,1.204262
43,11428,703000000,0.169594,0.224668,1.589657,4.132887,3.686957,1.214735
44,11428,803000000,0.180024,0.320682,1.448648,4.148839,3.785319,1.243729
45,11428,903000000,0.206230,0.417522,1.245129,4.179669,3.880723,1.253288
46,11429,3000000,0.249738,0.496969,1.049474,4.206533,3.966716,1.275837
47,11429,103000000,0.338331,0.571564,0.830160,4.223521,4.056518,1.330790
48,11429,203000000,0.421272,0.629332,0.714202,4.243017,4.154381,1.367518
49,11429,303000000,0.502540,0.692959,0.714251,4.260493,4.253163,1.413317
50,11429,403000000,0.627221,0.764121,0.694879,4.264399,4.347931,1.448369
51,11429,503000000,0.698513,0.819826,0.694879,4.272461,4.437702,1.490640
52,11429,603000000,0.777060,0.882615,0.694929,4.276698,4.537823,1.529770
53,11429,703000000,0.866889,0.940615,0.691763,4.279710,4.628328,1.581112
54,11429,803000000,0.944476,1.003532,0.691766,4.273645,4.702935,1.639258
55,11429,903000000,1.068141,1.053852,0.674907,4.263120,4.772468,1.708382
56,11430,3000000,1.156109,1.115926,0.659430,4.256066,4.836656,1.761951
57,11430,103000000,1.238249,1.172241,0.547398,4.235376,4.926459,1.808322
58,11430,203000000,1.337032,1.231042,0.541910,4.213932,4.993383,1.852907
59,11430,303000000,1.423387,1.280866,0.541888,4.174979,5.087224,1.907787
60,11430,403000000,1.500517,1.325799,0.541892,4.149424,5.145438,1.958559
61,11430,503000000,1.586351,1.376416,0.541894,4.110453,5.232340,2.006161
62,11430,603000000,1.684986,1.403579,0.526711,4.053636,5.290639,2.067651
63,11430,703000000,1.769780,1.452108,0.526740,4.001264,5.379114,2.107029
64,11430,803000000,1.856715,1.502406,0.526684,3.948958,5.460321,2.148417
65,11430,903000000,1.943356,1.552590,0.526687,3.890582,5.537653,2.180211
66,11431,3000000,2.011383,1.618382,0.587037,3.829564,5.618156,2.229326
67,11431,105000000,2.090422,1.679372,0.722856,3.764698,5.696633,2.273501
68,11431,204000000,2.163029,1.748200,0.729943,3.694991,5.771324,2.347170
69,11431,304000000,2.237310,1.800014,0.724748,3.652752,5.807567,2.394719
70,11431,404000000,2.311100,1.867362,0.724777,3.578947,5.871405,2.427055
71,11431,504000000,2.385146,1.934369,0.724785,3.502487,5.934745,2.446883
72,11431,604000000,2.482953,1.999700,0.724406,3.423207,5.996178,2.500022
73,11431,705000000,2.557121,2.066529,0.748020,3.343451,6.032806,2.555309
74,11431,804000000,2.626189,2.138625,0.844807,3.260923,6.083668,2.599404
75,11431,904000000,2.697166,2.205715,0.838840,3.174407,6.131626,2.633072
76,11432,4000000,2.762892,2.280988,0.838939,3.085748,6.178073,2.660815
77,11432,104000000,2.822131,2.348445,0.838964,2.982907,6.198355,2.701824
78,11432,204000000,2.888352,2.423239,0.838791,2.890564,6.239366,2.718378
79,11432,304000000,2.950421,2.491842,0.838021,2.797495,6.279075,2.731045
80,11432,404000000,3.016978,2.566321,0.838029,2.704103,6.318026,2.749866
81,11432,504000000,3.083119,2.640355,0.838046,2.601034,6.345396,2.790027
82,11432,604000000,3.149682,2.714598,0.838055,2.505172,6.377725,2.820723
83,11432,704000000,3.216639,2.789120,0.838054,2.408990,6.407288,2.846308
84,11432,804000000,3.269773,2.875777,0.843010,2.312207,6.434863,2.869414
85,11432,904000000,3.336273,2.950478,0.843014,2.213140,6.482255,2.886434
86,11433,4000000,3.402755,3.025140,0.843014,2.115326,6.505326,2.921014
87,11433,104000000,3.463485,3.096039,0.840681,2.026496,6.521864,2.960504
88,11433,204000000,3.530137,3.170517,0.840680,1.938855,6.555252,2.984668
89,11433,304000000,3.596786,3.244987,0.840673,1.839305,6.567793,3.018342
90,11433,404000000,3.662241,3.320487,0.904446,1.739450,6.577122,3.050856
91,11433,504000000,3.717059,3.412207,1.057957,1.652114,6.599941,3.063302
92,11433,604000000,3.759935,3.502950,1.109494,1.552082,6.605579,3.087180
93,11433,704000000,3.802350,3.593820,1.109490,1.451963,6.608452,3.109101
94,11433,804000000,3.845343,3.684308,1.109477,1.354543,6.595835,3.134141
95,11433,904000000,3.864402,3.790641,1.122859,1.254465,6.595014,3.137284
96,11434,4000000,3.949653,3.971683,1.127437,1.054416,6.595133,3.134301
97,11434,104000000,3.985230,4.054325,1.217854,0.970059,6.595021,3.139786
98,11434,204000000,4.011006,4.151085,1.386396,0.870076,6.594395,-3.135001
99,11434,304000000,3.983407,4.245235,1.596045,0.770111,6.592982,-3.125499
100,11434,404000000,3.968211,4.345472,1.707292,0.696736,6.604967,-3.118451
101,11434,504000000,3.932218,4.447923,1.714169,0.596829,6.601459,-3.102701
102,11434,604000000,3.914599,4.547230,1.714221,0.496985,6.596427,-3.092919
103,11434,704000000,3.897912,4.646444,1.714238,0.407627,6.591481,-3.087070
104,11434,804000000,3.891803,4.745858,1.707375,0.307845,6.585419,-3.084329
105,11434,904000000,3.876959,4.845057,1.707451,0.208074,6.579228,-3.080939
106,11435,4000000,3.861323,4.944040,1.758960,0.104447,6.587240,-3.080606
107,11435,104000000,3.844630,5.018323,1.901323,0.014749,6.580802,-3.067366
108,11435,204000000,3.800700,5.108827,2.093910,-0.084868,6.572374,-3.057976
109,11435,304000000,3.728343,5.179732,2.279739,-0.172707,6.562133,-3.053926
110,11435,404000000,3.658081,5.252985,2.281753,-0.272255,6.552935,-3.052974
111,11435,504000000,3.589200,5.326938,2.281770,-0.371806,6.543796,-3.051621
112,11435,604000000,3.518241,5.394736,2.280034,-0.471899,6.522119,-3.049985
113,11435,704000000,3.451237,5.469691,2.280032,-0.571460,6.513093,-3.053557
114,11435,804000000,3.384768,5.544915,2.284390,-0.671047,6.504352,-3.054511
115,11435,904000000,3.293347,5.618816,2.378230,-0.766153,6.511219,-3.051947
116,11436,4000000,3.214550,5.681050,2.537537,-0.865641,6.501379,-3.038122
117,11436,104000000,3.124198,5.728969,2.562268,-0.964996,6.490220,-3.028011
118,11436,204000000,3.038499,5.781557,2.562368,-1.055924,6.470336,-3.023814
119,11436,304000000,2.922710,5.827203,2.577835,-1.155193,6.458428,-3.025349
120,11436,404000000,2.845407,5.873823,2.604783,-1.244535,6.447856,-3.025734
121,11436,504000000,2.755648,5.918445,2.750161,-1.339672,6.443214,-3.026592
122,11436,604000000,2.659516,5.948083,2.838474,-1.438947,6.431331,-3.018797
123,11436,704000000,2.567044,5.973303,2.832582,-1.538019,6.418444,-3.012545
124,11436,804000000,2.470676,6.001547,2.853001,-1.635252,6.387085,-3.003758
125,11436,904000000,2.372961,6.023612,2.989670,-1.734359,6.373575,-3.011253
126,11437,4000000,2.260919,6.011465,-3.105767,-1.833552,6.360813,-3.012754
127,11437,104000000,2.160487,6.000644,-3.073356,-1.945006,6.335062,-3.009510
128,11437,204000000,2.060247,5.990247,-3.073339,-2.044138,6.321936,-3.007485
129,11437,305000000,1.964338,5.981664,-3.079724,-2.143219,6.308458,-3.004970
130,11437,405000000,1.874239,5.974194,-3.079929,-2.237750,6.284479,-2.993009
131,11437,505000000,1.774228,5.966650,-3.080092,-2.336600,6.269409,-2.990661
132,11437,605000000,1.668170,5.955369,-3.077762,-2.435390,6.253954,-2.979367
133,11437,705000000,1.568270,5.948292,-3.077977,-2.527457,6.241555,-2.967779
134,11437,805000000,1.468398,5.941442,-3.078139,-2.625728,6.223059,-2.944465
135,11437,905000000,1.376878,5.936111,-3.084606,-2.723348,6.201339,-2.905684
136,11438,5000000,1.277002,5.930174,-3.084703,-2.825052,6.181323,-2.886173
137,11438,105000000,1.177137,5.924321,-3.084763,-2.921243,6.153819,-2.851439
138,11438,205000000,1.074109,5.939742,-3.091919,-3.016369,6.122736,-2.826722
139,11438,305000000,0.974219,5.934702,-3.092011,-3.101569,6.101613,-2.793649
140,11438,405000000,0.874333,5.929696,-3.092075,-3.194596,6.064609,-2.761490
141,11438,505000000,0.776919,5.918208,-3.088775,-3.286143,6.024049,-2.705329
142,11438,605000000,0.677055,5.912911,-3.088863,-3.365479,5.985240,-2.627318
143,11438,705000000,0.577193,5.907629,-3.088930,-3.426674,5.943222,-2.567025
144,11438,805000000,0.479143,5.893456,-3.088074,-3.505164,5.887808,-2.519424
145,11438,905000000,0.379286,5.888107,-3.088161,-3.571623,5.806072,-2.456671
146,11439,5000000,0.279429,5.882768,-3.088228,-3.646108,5.740556,-2.423443
147,11439,105000000,0.171578,5.873283,-3.086886,-3.718403,5.671548,-2.383120
148,11439,205000000,0.081715,5.868365,-3.086962,-3.784632,5.608866,-2.354410
149,11439,305000000,-0.018135,5.862909,-3.087027,-3.852108,5.534279,-2.294924
150,11439,405000000,-0.118134,5.849972,-3.077780,-3.915428,5.455912,-2.235849
151,11439,505000000,-0.217929,5.843600,-3.077857,-3.957003,5.387402,-2.185109
152,11439,605000000,-0.317719,5.837227,-3.077917,-4.010349,5.304394,-2.144737
153,11439,705000000,-0.413682,5.840402,-3.084353,-4.059951,5.218491,-2.092958
154,11439,805000000,-0.513518,5.834652,-3.076940,-4.106531,5.131547,-2.052792
155,11439,905000000,-0.612874,5.823766,-2.954699,-4.129734,5.020175,-2.006207
156,11440,5000000,-0.702836,5.800776,-2.826047,-4.169990,4.928338,-1.991491
157,11440,105000000,-0.797336,5.766936,-2.826187,-4.209183,4.835732,-1.980352
158,11440,205000000,-0.891982,5.733820,-2.826186,-4.247776,4.742756,-1.964001
159,11440,305000000,-0.975682,5.704713,-2.828745,-4.267601,4.637070,-1.921107
160,11440,405000000,-1.070609,5.672822,-2.828746,-4.299218,4.541475,-1.891680
161,11440,505000000,-1.165598,5.641239,-2.828755,-4.329210,4.445419,-1.878614
162,11440,605000000,-1.255534,5.608486,-2.827138,-4.358031,4.349092,-1.868222
163,11440,705000000,-1.341042,5.580241,-2.827137,-4.407046,4.281188,-1.864607
164,11440,805000000,-1.436081,5.549016,-2.827135,-4.433785,4.184424,-1.831264
165,11440,905000000,-1.536565,5.524027,-2.827706,-4.457057,4.086811,-1.797139
166,11441,5000000,-1.631651,5.493004,-2.827705,-4.479851,3.980261,-1.770012
167,11441,105000000,-1.726746,5.462025,-2.827698,-4.498126,3.881676,-1.759298
168,11441,205000000,-1.818787,5.428475,-2.832005,-4.515561,3.782993,-1.752192
169,11441,305000000,-1.914024,5.397958,-2.832009,-4.534737,3.698766,-1.744022
170,11441,405000000,-1.999739,5.370504,-2.832007,-4.548976,3.609792,-1.730920
171,11441,505000000,-2.087218,5.340587,-2.832546,-4.563588,3.510758,-1.713280
172,11441,605000000,-2.182477,5.310156,-2.832528,-4.583744,3.428618,-1.703478
173,11441,705000000,-2.277736,5.279726,-2.832496,-4.595525,3.329239,-1.683332
174,11441,805000000,-2.365144,5.224352,-2.823732,-4.604393,3.229653,-1.663566
175,11441,905000000,-2.460135,5.193096,-2.823728,-4.629680,3.124544,-1.656441
176,11442,5000000,-2.555126,5.161841,-2.823731,-4.636666,3.024715,-1.637305
177,11442,105000000,-2.629385,5.130997,-2.822906,-4.641619,2.924777,-1.617404
178,11442,205000000,-2.724350,5.099663,-2.822907,-4.640022,2.818234,-1.601957
179,11442,305000000,-2.819314,5.068331,-2.822907,-4.642170,2.718220,-1.597657
180,11442,405000000,-2.905636,5.033298,-2.820500,-4.644151,2.618217,-1.596102
181,11442,505000000,-3.000526,5.001740,-2.820549,-4.654412,2.530606,-1.595267
182,11442,605000000,-3.095416,4.970184,-2.820546,-4.655992,2.430613,-1.585091
183,11442,705000000,-3.176497,4.929613,-2.795059,-4.656459,2.330610,-1.574161
184,11442,805000000,-3.268527,4.890574,-2.675093,-4.642776,2.234577,-1.562648
185,11442,905000000,-3.345493,4.843520,-2.538762,-4.641705,2.144599,-1.566183
186,11443,5000000,-3.397400,4.785713,-2.355493,-4.641356,2.044605,-1.572793
187,11443,105000000,-3.462757,4.708529,-2.312524,-4.632326,1.942657,-1.571412
188,11443,205000000,-3.528205,4.631809,-2.312502,-4.632466,1.842667,-1.575111
189,11443,305000000,-3.588010,4.553822,-2.308705,-4.633133,1.742678,-1.578335
190,11443,405000000,-3.654028,4.478132,-2.289017,-4.626944,1.638846,-1.577705
191,11443,505000000,-3.714696,4.398177,-2.160755,-4.627742,1.538860,-1.579450
192,11443,605000000,-3.757047,4.313132,-2.009860,-4.628775,1.438875,-1.581293
193,11443,705000000,-3.790022,4.217516,-1.917408,-4.639126,1.350594,-1.586965
194,11443,805000000,-3.818637,4.134570,-1.920192,-4.640532,1.250614,-1.579901
195,11443,905000000,-3.850356,4.038983,-1.920186,-4.640998,1.160632,-1.573989
196,11444,5000000,-3.884382,3.936669,-1.911112,-4.659502,1.056909,-1.576843
197,11444,105000000,-3.912617,3.840326,-1.805509,-4.659718,0.956917,-1.568417
198,11444,205000000,-3.926205,3.740673,-1.677011,-4.658793,0.856926,-1.559747
199,11444,305000000,-3.933566,3.640267,-1.677099,-4.656052,0.753506,-1.559978
200,11444,405000000,-3.944848,3.541587,-1.681424,-4.654839,0.653518,-1.561572
201,11444,505000000,-3.953302,3.441590,-1.639746,-4.653930,0.553527,-1.564917
202,11444,605000000,-3.937986,3.340484,-1.565107,-4.664643,0.445494,-1.573489
203,11444,705000000,-3.935266,3.240162,-1.565126,-4.664795,0.345500,-1.568715
204,11444,805000000,-3.933156,3.139929,-1.565127,-4.664225,0.245506,-1.563405
205,11444,905000000,-3.933561,3.047194,-1.567828,-4.656108,0.159972,-1.564053
206,11445,5000000,-3.932476,2.947069,-1.567828,-4.655504,0.059978,-1.568206
207,11445,105000000,-3.918535,2.860327,-1.565401,-4.655481,-0.040018,-1.573298
208,11445,205000000,-3.917597,2.760264,-1.565403,-4.636598,-0.138285,-1.569594
209,11445,305000000,-3.916777,2.660220,-1.565403,-4.636927,-0.238280,-1.581212
210,11445,405000000,-3.909443,2.547257,-1.565040,-4.638781,-0.338262,-1.592062
211,11445,505000000,-3.908731,2.447236,-1.565043,-4.628365,-0.445163,-1.589599
212,11445,605000000,-3.908061,2.347222,-1.565042,-4.630771,-0.545135,-1.597275
213,11445,705000000,-3.906225,2.241251,-1.571444,-4.633955,-0.645086,-1.601298
214,11445,805000000,-3.906282,2.041238,-1.571451,-4.663551,-0.835987,-1.596078
215,11445,905000000,-3.906328,1.941234,-1.571454,-4.665126,-0.935974,-1.580568
216,11446,6000000,-3.900821,1.863282,-1.571886,-4.665331,-1.025976,-1.573291
217,11446,105000000,-3.900921,1.763280,-1.571884,-4.651628,-1.124413,-1.572058
218,11446,205000000,-3.901024,1.663280,-1.571885,-4.651879,-1.224413,-1.577430
219,11446,305000000,-3.893553,1.562549,-1.567637,-4.652600,-1.324402,-1.579465
220,11446,405000000,-3.893238,1.462549,-1.567608,-4.667395,-1.422611,-1.575565
221,11446,505000000,-3.892920,1.362550,-1.567608,-4.667219,-1.522613,-1.565881
222,11446,605000000,-3.915637,1.260842,-1.580942,-4.666162,-1.622611,-1.559568
223,11446,705000000,-3.916548,1.170846,-1.580942,-4.658958,-1.707838,-1.560999
224,11446,805000000,-3.917562,1.070851,-1.580942,-4.657825,-1.807833,-1.562040
225,11446,905000000,-3.922436,0.978620,-1.585313,-4.656776,-1.907828,-1.560435
226,11447,5000000,-3.923886,0.878630,-1.585301,-4.647574,-2.011618,-1.559069
227,11447,105000000,-3.925335,0.778641,-1.585307,-4.646442,-2.111612,-1.560375
228,11447,205000000,-3.932866,0.680012,-1.588610,-4.645393,-2.211606,-1.560511
229,11447,305000000,-3.934646,0.580028,-1.588604,-4.640170,-2.315496,-1.556814
230,11447,405000000,-3.936425,0.480044,-1.588605,-4.638756,-2.415485,-1.557119
231,11447,505000000,-3.934164,0.379428,-1.586382,-4.637414,-2.505474,-1.554214
232,11447,605000000,-3.935722,0.279440,-1.586381,-4.632722,-2.614582,-1.550263
233,11447,705000000,-3.937279,0.179453,-1.586384,-4.630580,-2.714558,-1.549312
234,11447,805000000,-3.956008,0.075601,-1.596460,-4.628290,-2.814531,-1.547631
235,11447,905000000,-3.958572,-0.024366,-1.596446,-4.631690,-2.918025,-1.546588
236,11448,5000000,-3.961129,-0.124334,-1.596386,-4.628781,-3.017980,-1.538351
237,11448,105000000,-3.941015,-0.229769,-1.583811,-4.624855,-3.117904,-1.530298
238,11448,205000000,-3.942317,-0.329761,-1.583832,-4.623030,-3.206889,-1.524587
239,11448,305000000,-3.943621,-0.429752,-1.583834,-4.618259,-3.306778,-1.524823
240,11448,405000000,-3.930114,-0.548397,-1.629279,-4.613564,-3.406669,-1.525260
241,11448,505000000,-3.943653,-0.647454,-1.791531,-4.605545,-3.502575,-1.524132
242,11448,605000000,-3.977004,-0.742162,-1.986850,-4.600857,-3.602465,-1.525024
243,11448,705000000,-4.030716,-0.811777,-2.022469,-4.596751,-3.692371,-1.525380
244,11448,805000000,-4.078086,-0.900705,-2.022458,-4.582905,-3.784242,-1.520303
245,11448,905000000,-4.124438,-0.989924,-2.022455,-4.578064,-3.884124,-1.525077
246,11449,5000000,-4.167626,-1.072779,-2.016360,-4.573831,-3.984035,-1.529960
247,11449,105000000,-4.211226,-1.163061,-1.966583,-4.572686,-4.083623,-1.529919
248,11449,205000000,-4.243390,-1.257827,-1.805976,-4.568578,-4.183539,-1.527388
249,11449,305000000,-4.249050,-1.345877,-1.610568,-4.564112,-4.283439,-1.524045
250,11449,405000000,-4.246658,-1.446668,-1.585055,-4.558441,-4.385304,-1.518564
251,11449,505000000,-4.256994,-1.546135,-1.587980,-4.553164,-4.485165,-1.518682
252,11449,605000000,-4.256478,-1.646551,-1.587986,-4.547971,-4.585030,-1.519584
253,11449,705000000,-4.256586,-1.746848,-1.587986,-4.552513,-4.684463,-1.524172
254,11449,805000000,-4.247080,-1.837600,-1.580960,-4.548012,-4.774351,-1.517585
255,11449,905000000,-4.247257,-1.937754,-1.581022,-4.542168,-4.874181,-1.509771
256,11450,5000000,-4.247678,-2.037863,-1.580995,-4.521085,-4.957331,-1.500170
257,11450,105000000,-4.235615,-2.147407,-1.572484,-4.514060,-5.057085,-1.507675
258,11450,205000000,-4.235562,-2.247447,-1.572479,-4.508313,-5.156920,-1.517861
259,11450,305000000,-4.231316,-2.341863,-1.572701,-4.500341,-5.267897,-1.521468
260,11450,405000000,-4.231380,-2.441887,-1.572697,-4.495578,-5.367786,-1.521304
261,11450,505000000,-4.231480,-2.541904,-1.572700,-4.490652,-5.467665,-1.518362
262,11450,605000000,-4.230573,-2.642123,-1.568880,-4.484928,-5.564500,-1.515308
263,11450,705000000,-4.230338,-2.742131,-1.568882,-4.479154,-5.664334,-1.509755
264,11450,805000000,-4.230137,-2.832136,-1.568882,-4.473277,-5.754142,-1.504069
265,11450,905000000,-4.236005,-2.938875,-1.570743,-4.470418,-5.838506,-1.494937
266,11451,5000000,-4.235986,-3.038878,-1.570742,-4.461822,-5.938140,-1.480343
267,11451,105000000,-4.235972,-3.138880,-1.570736,-4.451673,-6.037632,-1.457861
268,11451,205000000,-4.225497,-3.242305,-1.562678,-4.437493,-6.141866,-1.430785
269,11451,305000000,-4.224479,-3.342300,-1.542863,-4.421884,-6.240670,-1.403016
270,11451,405000000,-4.215605,-3.441854,-1.400111,-4.401673,-6.338655,-1.335405
271,11451,505000000,-4.185504,-3.536744,-1.317946,-4.374847,-6.414853,-1.266577
272,11451,605000000,-4.158340,-3.633270,-1.317969,-4.342281,-6.505031,-1.199661
273,11451,705000000,-4.131774,-3.729880,-1.317966,-4.310519,-6.569779,-1.128266
274,11451,805000000,-4.123984,-3.820683,-1.329302,-4.269340,-6.628834,-1.052734
275,11451,905000000,-4.099260,-3.917683,-1.329302,-4.231676,-6.684686,-1.007746
276,11452,5000000,-4.074765,-4.014711,-1.329304,-4.179867,-6.761181,-0.961093
277,11452,105000000,-4.035985,-4.116694,-1.320310,-4.136464,-6.805076,-0.918888
278,11452,205000000,-4.010899,-4.213536,-1.320276,-4.076030,-6.878273,-0.860865
279,11452,305000000,-3.988381,-4.300701,-1.320285,-4.030688,-6.923927,-0.817042
280,11452,405000000,-3.970167,-4.397318,-1.324183,-3.969085,-6.998670,-0.776795
281,11452,505000000,-3.945650,-4.494281,-1.324183,-3.895510,-7.064921,-0.719514
282,11452,605000000,-3.921166,-4.591247,-1.324189,-3.817192,-7.128573,-0.666926
283,11452,705000000,-3.884679,-4.678733,-1.314213,-3.728998,-7.177101,-0.626185
284,11452,805000000,-3.859266,-4.775456,-1.314213,-3.644512,-7.235015,-0.600440
285,11452,905000000,-3.833855,-4.872178,-1.314214,-3.554768,-7.292370,-0.580751
286,11453,5000000,-3.820011,-4.960661,-1.322664,-3.467170,-7.347095,-0.555649
287,11453,105000000,-3.795441,-5.057596,-1.322601,-3.377050,-7.389508,-0.528435
288,11453,205000000,-3.770871,-5.154532,-1.322598,-3.288671,-7.438742,-0.500527
289,11453,305000000,-3.751281,-5.256820,-1.328177,-3.198716,-7.485223,-0.477770
290,11453,405000000,-3.727254,-5.353890,-1.328149,-3.107902,-7.529816,-0.449566
291,11453,505000000,-3.705627,-5.441254,-1.328149,-3.023320,-7.580229,-0.431499
292,11453,605000000,-3.673211,-5.520766,-1.322649,-2.930825,-7.620474,-0.403576
293,11453,705000000,-3.648649,-5.617702,-1.322649,-2.837113,-7.657457,-0.374400
294,11453,805000000,-3.624088,-5.714639,-1.322630,-2.742635,-7.692075,-0.348011
295,11453,905000000,-3.608926,-5.799267,-1.328354,-2.647362,-7.713292,-0.327540
296,11454,5000000,-3.584918,-5.896343,-1.328401,-2.551769,-7.743990,-0.313247
297,11454,105000000,-3.560914,-5.993419,-1.328373,-2.455889,-7.773477,-0.304250
298,11454,205000000,-3.536202,-6.078192,-1.327245,-2.349759,-7.784394,-0.283195
299,11454,305000000,-3.512087,-6.175240,-1.327245,-2.253131,-7.810829,-0.266606
300,11454,405000000,-3.487972,-6.272289,-1.327247,-2.156204,-7.835944,-0.258950
301,11454,505000000,-3.468915,-6.364246,-1.292478,-2.059989,-7.873473,-0.248941
302,11454,605000000,-3.434791,-6.458228,-1.144818,-1.962632,-7.896564,-0.230763
303,11454,705000000,-3.388743,-6.536009,-0.970050,-1.874711,-7.915630,-0.211829
304,11454,805000000,-3.324574,-6.612521,-0.879336,-1.789867,-7.941166,-0.205841
305,11454,905000000,-3.257422,-6.687784,-0.879320,-1.691705,-7.960344,-0.195530
306,11455,5000000,-3.190461,-6.762911,-0.836405,-1.593356,-7.978454,-0.180408
307,11455,105000000,-3.115912,-6.831420,-0.697282,-1.496510,-8.001597,-0.171198
308,11455,205000000,-3.031818,-6.887229,-0.526154,-1.397788,-8.017456,-0.156956
309,11455,305000000,-2.936666,-6.925121,-0.409699,-1.299091,-8.031441,-0.146390
310,11455,405000000,-2.837811,-6.948127,-0.411494,-1.198713,-8.024861,-0.130764
311,11455,505000000,-2.744951,-6.986598,-0.411439,-1.099395,-8.037524,-0.134928
312,11455,605000000,-2.643643,-7.006965,-0.376248,-1.000251,-8.051021,-0.137441
313,11455,705000000,-2.547775,-7.036906,-0.270836,-0.916874,-8.076033,-0.141408
314,11455,805000000,-2.450261,-7.061254,-0.270960,-0.817787,-8.089466,-0.124880
315,11455,905000000,-2.353040,-7.086207,-0.265520,-0.718439,-8.100736,-0.109752
316,11456,5000000,-2.244430,-7.091303,-0.145444,-0.621087,-8.110054,-0.097664
317,11456,105000000,-2.143991,-7.095278,0.030335,-0.521504,-8.118964,-0.091925
318,11456,205000000,-2.045477,-7.075569,0.145323,-0.421882,-8.127383,-0.084307
319,11456,305000000,-1.946183,-7.056579,0.145284,-0.330620,-8.152623,-0.088230
320,11456,405000000,-1.856871,-7.040316,0.145293,-0.240941,-8.159600,-0.070408
321,11456,505000000,-1.773336,-7.017834,0.141469,-0.141113,-8.165225,-0.054319
322,11456,605000000,-1.674184,-7.002052,0.141525,-0.046024,-8.165379,-0.042845
323,11456,705000000,-1.575073,-6.986744,0.141602,0.053904,-8.168943,-0.040724
324,11456,805000000,-1.487521,-6.954195,0.147925,0.153829,-8.172465,-0.036786
325,11456,905000000,-1.388556,-6.938846,0.147916,0.265842,-8.162207,-0.026455
326,11457,5000000,-1.283517,-6.930240,0.135492,0.365795,-8.164666,-0.029867
327,11457,105000000,-1.184027,-6.919787,0.048746,0.465730,-8.167688,-0.033566
328,11457,205000000,-1.083965,-6.922076,-0.094072,0.578584,-8.167113,-0.025010
329,11457,305000000,-0.982863,-6.941835,-0.144878,0.678540,-8.169380,-0.023927
330,11457,405000000,-0.883948,-6.958609,-0.144870,0.778501,-8.171468,-0.017737
331,11457,505000000,-0.785023,-6.974741,-0.144871,0.873296,-8.174722,-0.015933
332,11457,605000000,-0.583378,-7.007664,-0.151823,1.073264,-8.174988,0.007557
333,11457,705000000,-0.494426,-7.021902,-0.151820,1.163236,-8.173708,0.014119
334,11457,805000000,-0.395585,-7.037479,-0.151813,1.255002,-8.178255,0.018093
335,11457,905000000,-0.292183,-7.031718,-0.139664,1.354963,-8.175540,0.030826
336,11458,5000000,-0.193016,-7.044750,-0.087031,1.454874,-8.171316,0.043682
337,11458,105000000,-0.089281,-7.036012,0.002330,1.556811,-8.163494,0.054163
338,11458,205000000,0.010790,-7.034696,0.002383,1.656649,-8.157454,0.059206
339,11458,305000000,0.110847,-7.033576,0.002389,1.756458,-8.151105,0.063630
340,11458,405000000,0.219812,-7.046308,-0.005918,1.858078,-8.142689,0.070594
341,11458,505000000,0.319846,-7.046394,-0.005914,1.957789,-8.135052,0.078747
342,11458,605000000,0.419871,-7.046614,-0.005912,2.057406,-8.126264,0.089528
343,11458,705000000,0.517287,-7.046714,0.086118,2.157651,-8.123395,0.099284
344,11458,805000000,0.616244,-7.031124,0.155458,2.257001,-8.111929,0.119312
345,11458,905000000,0.714920,-7.013782,0.155406,2.356128,-8.098611,0.138383
346,11459,5000000,0.802003,-6.979525,0.165640,2.441619,-8.072063,0.163456
347,11459,105000000,0.900564,-6.962066,0.165648,2.540157,-8.054880,0.171233
348,11459,205000000,0.999146,-6.944878,0.165647,2.638456,-8.036376,0.194875
349,11459,305000000,1.092761,-6.937931,0.161685,2.728888,-8.021687,0.237214
350,11459,405000000,1.191433,-6.921475,0.161681,2.825473,-7.995515,0.278000
351,11459,505000000,1.290113,-6.905122,0.161685,2.920661,-7.964518,0.320619
352,11459,605000000,1.387230,-6.889397,0.164013,3.011895,-7.923032,0.358197
353,11459,705000000,1.485880,-6.872941,0.164000,3.104471,-7.884836,0.389560
354,11459,805000000,1.584533,-6.856527,0.163957,3.196106,-7.844449,0.421417
355,11459,905000000,1.681214,-6.836869,0.165721,3.276859,-7.799901,0.495489
356,11460,5000000,1.779841,-6.820329,0.165719,3.338746,-7.758835,0.563122
357,11460,105000000,1.868607,-6.805452,0.165728,3.410113,-7.709602,0.594217
358,11460,205000000,1.975932,-6.794492,0.163851,3.484145,-7.659311,0.610710
359,11460,305000000,2.074592,-6.778167,0.163849,3.562861,-7.599310,0.658374
360,11460,405000000,2.173248,-6.761816,0.169341,3.639306,-7.535197,0.713274
361,11460,505000000,2.270102,-6.741155,0.282227,3.688107,-7.487087,0.755851
362,11460,605000000,2.363015,-6.703487,0.435238,3.756889,-7.416101,0.808102
363,11460,705000000,2.452731,-6.658660,0.438294,3.806061,-7.358317,0.854508
364,11460,805000000,2.539089,-6.609929,0.440451,3.857220,-7.284058,0.904512
365,11460,905000000,2.629024,-6.565805,0.440449,3.913532,-7.205272,0.953599
366,11461,5000000,2.719094,-6.522060,0.444205,3.967896,-7.122700,0.993497
367,11461,105000000,2.802703,-6.482854,0.534189,4.019128,-7.036733,1.030651
368,11461,205000000,2.884169,-6.424393,0.680780,4.078509,-6.943634,1.060648
369,11461,305000000,2.955526,-6.353345,0.821730,4.124104,-6.853379,1.116434
370,11461,405000000,3.018469,-6.285266,0.955984,4.148907,-6.792026,1.154365
371,11461,505000000,3.067799,-6.196547,1.033480,4.185561,-6.702362,1.175863
372,11461,605000000,3.108164,-6.103286,1.038438,4.230534,-6.616383,1.188769
373,11461,705000000,3.156774,-6.014909,1.041381,4.265081,-6.522782,1.220395
374,11461,805000000,3.202723,-5.925350,1.136028,4.297018,-6.427561,1.256800
375,11461,905000000,3.224722,-5.815085,1.304264,4.324745,-6.330603,1.308946
376,11462,5000000,3.238981,-5.714897,1.489270,4.351633,-6.224313,1.345365
377,11462,105000000,3.232671,-5.613273,1.689832,4.371501,-6.125175,1.373022
378,11462,205000000,3.197255,-5.500902,1.777564,4.388709,-6.025584,1.392910
379,11462,305000000,3.171374,-5.402333,1.777574,4.399332,-5.927787,1.412954
380,11462,405000000,3.112629,-5.290876,1.800661,4.412981,-5.827852,1.429732
381,11462,505000000,3.083121,-5.194226,1.906610,4.425308,-5.727867,1.450828
382,11462,605000000,3.039107,-5.103147,2.088269,4.435186,-5.627714,1.469630
383,11462,705000000,2.986916,-5.034938,2.145339,4.424998,-5.525857,1.488225
384,11462,805000000,2.928401,-4.952250,2.145354,4.431553,-5.425634,1.500019
385,11462,905000000,2.865161,-4.871091,2.146010,4.437308,-5.325446,1.518139
386,11463,5000000,2.808598,-4.787817,2.146011,4.441238,-5.208378,1.535721
387,11463,105000000,2.730548,-4.700057,2.155241,4.442402,-5.108250,1.566225
388,11463,205000000,2.674179,-4.617004,2.155238,4.439893,-5.008116,1.595439
389,11463,305000000,2.618550,-4.533735,2.155245,4.428662,-4.897223,1.638879
390,11463,405000000,2.568347,-4.442173,2.144491,4.418036,-4.797578,1.704642
391,11463,505000000,2.513801,-4.358255,2.144491,4.402305,-4.722709,1.781803
392,11463,605000000,2.452490,-4.275965,2.143911,4.350128,-4.658413,1.856660
393,11463,705000000,2.398126,-4.191978,2.143913,4.319359,-4.570764,1.924855
394,11463,805000000,2.349227,-4.116384,2.143924,4.292625,-4.514528,1.968493
395,11463,905000000,2.282402,-4.047865,2.149648,4.257302,-4.417747,2.021549
396,11464,5000000,2.227651,-3.964167,2.149646,4.220236,-4.356307,2.108736
397,11464,105000000,2.172915,-3.880464,2.149644,4.179225,-4.300274,2.180781
398,11464,205000000,2.116190,-3.799998,2.147581,4.116708,-4.238544,2.237931
399,11464,305000000,2.061644,-3.716179,2.147587,4.056363,-4.167610,2.291830
400,11464,405000000,2.007018,-3.632414,2.157084,4.005485,-4.117221,2.335803
401,11464,505000000,1.971754,-3.539847,2.240493,3.942538,-4.057845,2.385241
402,11464,605000000,1.908539,-3.462270,2.240140,3.886019,-4.011302,2.433726
403,11464,705000000,1.851853,-3.392301,2.240138,3.809960,-3.951264,2.495370
404,11464,805000000,1.782992,-3.311647,2.243090,3.754983,-3.915138,2.534338
405,11464,905000000,1.720273,-3.233729,2.243092,3.676651,-3.851034,2.585799
406,11465,5000000,1.657501,-3.155849,2.243092,3.583134,-3.798722,2.634625
407,11465,105000000,1.584224,-3.088226,2.250968,3.490759,-3.752137,2.684829
408,11465,205000000,1.521243,-3.010545,2.250944,3.400388,-3.708594,2.709462
409,11465,305000000,1.458277,-2.932853,2.250980,3.307450,-3.668825,2.748044
410,11465,405000000,1.401648,-2.852427,2.246978,3.212292,-3.632614,2.775975
411,11465,505000000,1.339024,-2.774460,2.246963,3.116034,-3.598841,2.811464
412,11465,605000000,1.276413,-2.696485,2.246991,3.002488,-3.578505,2.837025
413,11465,705000000,1.220066,-2.626305,2.247027,2.914401,-3.552793,2.853165
414,11465,805000000,1.155310,-2.563375,2.257571,2.816608,-3.525659,2.865006
415,11465,905000000,1.091894,-2.486054,2.257568,2.718707,-3.499797,2.888552
416,11466,5000000,1.028481,-2.408731,2.257567,2.612578,-3.465031,2.899264
417,11466,105000000,0.965071,-2.331405,2.257617,2.514185,-3.442827,2.928572
418,11466,205000000,0.894901,-2.244521,2.261725,2.415316,-3.423598,2.947228
419,11466,305000000,0.837543,-2.175165,2.261726,2.327889,-3.393999,2.959931
420,11466,405000000,0.773815,-2.098102,2.261727,2.228812,-3.377412,2.972123
421,11466,505000000,0.710088,-2.021038,2.261716,2.129726,-3.361536,2.975870
422,11466,605000000,0.646097,-1.942814,2.259117,2.030539,-3.342755,2.951574
423,11466,705000000,0.582724,-1.865459,2.239602,1.932882,-3.320560,2.877017
424,11466,805000000,0.525035,-1.783814,2.120505,1.862378,-3.297356,2.830541
425,11466,905000000,0.484340,-1.703318,1.987009,1.766477,-3.292535,2.792871
426,11467,5000000,0.457021,-1.595843,1.814005,1.700439,-3.262727,2.725577
427,11467,105000000,0.445457,-1.495390,1.626023,1.639258,-3.230347,2.666298
428,11467,205000000,0.454332,-1.393963,1.465845,1.584891,-3.193628,2.596149
429,11467,305000000,0.470589,-1.293435,1.466449,1.530576,-3.155247,2.540732
430,11467,405000000,0.519356,-1.191279,1.454678,1.478930,-3.113660,2.478678
431,11467,505000000,0.533998,-1.091406,1.454681,1.403594,-3.060111,2.441781
432,11467,605000000,0.547782,-0.991676,1.454680,1.330977,-2.995729,2.419691
433,11467,705000000,0.560942,-0.892053,1.454680,1.258673,-2.926774,2.370017
434,11467,805000000,0.603831,-0.787279,1.449659,1.196653,-2.844353,2.311069
435,11467,905000000,0.616709,-0.687859,1.447111,1.148747,-2.784755,2.267797
436,11468,6000000,0.680475,-0.485529,1.163541,1.028724,-2.625972,2.190626
437,11468,105000000,0.726596,-0.407181,1.007757,0.977285,-2.549468,2.160833
438,11468,205000000,0.784693,-0.324420,1.007026,0.926659,-2.476858,2.125969
439,11468,305000000,0.871915,-0.236641,1.000023,0.874448,-2.385329,2.086002
440,11468,405000000,0.927647,-0.153146,1.000105,0.827384,-2.295927,2.051996
441,11468,505000000,0.983019,-0.069502,1.000181,0.782469,-2.204968,2.027578
442,11468,605000000,1.053229,0.026100,0.997841,0.739941,-2.112788,2.006344
443,11468,705000000,1.108188,0.109854,0.997983,0.699591,-2.029486,1.989181
444,11468,805000000,1.157495,0.185297,0.998094,0.664521,-1.945299,1.969356
445,11468,905000000,1.212177,0.272373,1.002791,0.627137,-1.851429,1.946776
446,11469,5000000,1.266240,0.356578,1.002928,0.592228,-1.756789,1.925471
447,11469,105000000,1.360643,0.437287,0.988839,0.568337,-1.664115,1.908539
448,11469,205000000,1.415736,0.520782,0.988938,0.536704,-1.568645,1.894242
449,11469,305000000,1.470777,0.604300,0.989087,0.506085,-1.472976,1.878512
450,11469,405000000,1.525774,0.687838,0.989228,0.469224,-1.361983,1.866646
451,11469,505000000,1.581695,0.773127,0.995156,0.441820,-1.265528,1.840073
452,11469,605000000,1.636152,0.857008,0.995274,0.417382,-1.168333,1.817819
453,11469,705000000,1.690584,0.940902,0.995473,0.393038,-1.075387,1.797699
454,11469,805000000,1.753727,1.000742,0.987370,0.374815,-0.987222,1.778603
455,11469,905000000,1.808814,1.084204,0.987476,0.355988,-0.888908,1.757408
456,11470,5000000,1.863885,1.167675,0.987688,0.364903,-0.770609,1.727243
457,11470,105000000,1.923435,1.246699,0.979869,0.349748,-0.671729,1.741349
458,11470,205000000,1.979139,1.329748,0.980006,0.332524,-0.573224,1.746529
459,11470,305000000,2.034832,1.412804,0.980127,0.338687,-0.473519,1.736105
460,11470,405000000,2.087412,1.500259,0.986188,0.322827,-0.374823,1.721632
461,11470,505000000,2.142591,1.583658,0.986309,0.309370,-0.275774,1.699978
462,11470,605000000,2.192243,1.658722,0.986442,0.301234,-0.191760,1.691443
463,11470,705000000,2.238000,1.737877,0.991698,0.290262,-0.092404,1.669792
464,11470,805000000,2.292718,1.821578,0.991804,0.283634,0.007344,1.605817
465,11470,905000000,2.347429,1.905284,0.991937,0.280407,0.077084,1.552213
466,11471,5000000,2.395558,1.995218,0.993492,0.286832,0.172611,1.472211
467,11471,105000000,2.450129,2.079016,0.993559,0.300615,0.243410,1.388789
468,11471,205000000,2.504693,2.162817,0.993680,0.334645,0.316677,1.319233
469,11471,305000000,2.569021,2.244444,0.994884,0.356642,0.380378,1.256447
470,11471,405000000,2.623476,2.328317,0.994962,0.382465,0.441802,1.195974
471,11471,505000000,2.672480,2.403806,0.995034,0.426322,0.502014,1.145244
472,11471,605000000,2.721670,2.477385,0.999495,0.458499,0.560432,1.079655
473,11471,705000000,2.775741,2.561507,0.999572,0.510350,0.648038,1.043938
474,11471,805000000,2.829801,2.645634,0.999638,0.586929,0.727991,0.988062
475,11471,905000000,2.892476,2.721276,0.990269,0.644437,0.807810,0.929574
476,11472,5000000,2.947317,2.804897,0.990346,0.693797,0.866307,0.887800
477,11472,105000000,2.996669,2.880159,0.990401,0.760224,0.945888,0.854649
478,11472,205000000,3.039240,2.979964,1.002828,0.828441,1.018663,0.813541
479,11472,305000000,3.093027,3.064267,1.002911,0.900450,1.089871,0.765731
480,11472,405000000,3.146807,3.148574,1.002989,0.973671,1.153155,0.732594
481,11472,505000000,3.229364,3.210090,0.987458,1.051665,1.219480,0.697001
482,11472,605000000,3.284439,3.293557,0.987536,1.132145,1.282884,0.670002
483,11472,706000000,3.339509,3.377027,0.987587,1.213900,1.344394,0.637036
484,11472,805000000,3.388421,3.449034,0.984274,1.318689,1.408726,0.599321
485,11472,905000000,3.443763,3.532325,0.984348,1.404309,1.463902,0.564138
486,11473,5000000,3.493564,3.607291,0.984407,1.483021,1.510759,0.543347
487,11473,105000000,3.549520,3.678441,0.981790,1.571012,1.561027,0.508592
488,11473,205000000,3.605068,3.761594,0.981856,1.657953,1.605945,0.471922
489,11473,305000000,3.659351,3.845563,1.043018,1.749049,1.649246,0.427469
490,11473,405000000,3.701027,3.920958,1.197473,1.842034,1.688145,0.396943
491,11473,505000000,3.726903,4.017992,1.383936,1.935993,1.724270,0.359426
492,11473,605000000,3.731949,4.119033,1.579854,2.050249,1.747138,0.334044
493,11473,705000000,3.722589,4.220356,1.605624,2.145905,1.777763,0.313034
494,11473,805000000,3.703113,4.315694,1.608991,2.232325,1.803688,0.302369
495,11473,905000000,3.695909,4.416351,1.608992,2.328524,1.831885,0.287340
496,11474,5000000,3.687126,4.513132,1.608465,2.453724,1.839121,0.268912
497,11474,105000000,3.681409,4.613447,1.627743,2.550384,1.865191,0.280359
498,11474,205000000,3.668588,4.713002,1.768596,2.646379,1.893398,0.302183
499,11474,305000000,3.598970,4.811799,1.987011,2.741580,1.903849,0.310107
500,11474,405000000,3.545342,4.897867,2.168911,2.836381,1.935657,0.343685
501,11474,505000000,3.487928,4.982199,2.164312,2.929247,1.972736,0.407146
502,11474,605000000,3.427941,5.063683,2.164286,3.002287,1.993462,0.446943
503,11474,705000000,3.369078,5.145570,2.164347,3.086933,2.038446,0.510481
504,11474,805000000,3.310998,5.221840,2.202473,3.139403,2.072660,0.542707
505,11474,905000000,3.246022,5.298584,2.322587,3.221864,2.125642,0.607751
506,11475,5000000,3.170180,5.364927,2.458058,3.277795,2.170378,0.650247
507,11475,105000000,3.079705,5.427295,2.460945,3.350654,2.230652,0.711597
508,11475,205000000,2.999832,5.488478,2.460986,3.400742,2.280768,0.750722
509,11475,305000000,2.914765,5.546374,2.462355,3.467578,2.348275,0.809614
510,11475,405000000,2.833723,5.605519,2.560487,3.513969,2.403642,0.850494
511,11475,505000000,2.745270,5.653229,2.695353,3.573363,2.474600,0.915124
512,11475,605000000,2.650029,5.686342,2.868001,3.629996,2.555351,0.965190
513,11475,705000000,2.545912,5.707299,2.971545,3.684704,2.639590,0.993564
514,11475,805000000,2.445367,5.719787,2.971546,3.737671,2.726129,1.013061
515,11475,905000000,2.345692,5.735073,2.968942,3.793786,2.813986,1.035667
516,11476,5000000,2.255977,5.748251,2.968943,3.838273,2.895062,1.071416
517,11476,105000000,2.156382,5.761707,3.034426,3.884592,2.985970,1.105308
518,11476,205000000,2.055907,5.764333,-3.108899,3.927487,3.078418,1.136964
519,11476,305000000,1.951656,5.742179,-3.025412,3.965867,3.183434,1.167672
520,11476,405000000,1.852010,5.727499,-3.025410,4.003678,3.277668,1.182007
521,11476,505000000,1.750722,5.705195,-3.027200,4.041067,3.371824,1.187805
522,11476,605000000,1.651198,5.692183,-3.027202,4.077552,3.466108,1.199211
523,11476,705000000,1.452279,5.667401,-3.027201,4.106913,3.551574,1.216397
524,11476,805000000,1.350169,5.637061,-3.016795,4.171515,3.742278,1.259307
525,11476,905000000,1.260823,5.625454,-3.016791,4.197331,3.828936,1.280467
526,11477,5000000,1.161568,5.612719,-3.016793,4.206309,3.934653,1.305214
527,11477,105000000,1.057686,5.581508,-3.087475,4.230771,4.031944,1.322577
528,11477,205000000,0.957610,5.579880,-3.121389,4.254072,4.129440,1.339586
529,11477,305000000,0.857494,5.579311,-3.121387,4.275194,4.226158,1.389847
530,11477,405000000,0.757424,5.572002,-3.121442,4.284951,4.304310,1.448650
531,11477,505000000,0.657409,5.570369,-3.121442,4.292698,4.398945,1.507042
532,11477,605000000,0.557402,5.568647,-3.121445,4.294554,4.465954,1.546064
533,11477,705000000,0.457995,5.579010,-3.129135,4.293146,4.559763,1.599036
534,11477,805000000,0.357990,5.577923,-3.129124,4.285769,4.630495,1.646336
535,11477,905000000,0.257988,5.576791,-3.129129,4.265325,4.731237,1.699043
536,11478,5000000,0.170604,5.577092,-3.132955,4.252492,4.792779,1.738886
537,11478,105000000,0.070603,5.576286,-3.132988,4.233184,4.885380,1.792515
538,11478,205000000,-0.029396,5.575468,-3.132991,4.190507,4.967361,1.849213
539,11478,305000000,-0.120550,5.560353,-3.126773,4.161537,5.058258,1.887325
540,11478,405000000,-0.220541,5.558891,-3.126772,4.126918,5.150364,1.939621
541,11478,505000000,-0.320531,5.557422,-3.126774,4.072290,5.242929,1.987054
542,11478,605000000,-0.427528,5.536594,-3.116194,4.027320,5.333727,2.036745
543,11478,705000000,-0.527496,5.534061,-3.116215,3.978368,5.423064,2.085060
544,11478,805000000,-0.627464,5.531527,-3.116218,3.905708,5.531803,2.173532
545,11478,905000000,-0.723787,5.542569,-3.124444,3.857337,5.590596,2.228542
546,11479,5000000,-0.813774,5.541024,-3.124440,3.800337,5.658513,2.278815
547,11479,105000000,-0.913759,5.539308,-3.124441,3.732113,5.730801,2.330228
548,11479,205000000,-1.031773,5.527978,-3.123658,3.657343,5.804426,2.377278
549,11479,305000000,-1.131757,5.526175,-3.123680,3.579078,5.872229,2.412915
550,11479,405000000,-1.231741,5.524387,-3.123695,3.502421,5.937075,2.447809
551,11479,505000000,-1.333272,5.524325,-3.119325,3.391536,6.001750,2.513922
552,11479,605000000,-1.433247,5.522099,-3.119332,3.326633,6.042870,2.556128
553,11479,705000000,-1.533222,5.519873,-3.119334,3.244592,6.093715,2.593291
554,11479,805000000,-1.613116,5.513561,-3.118207,3.156299,6.134349,2.619734
555,11479,905000000,-1.713089,5.511222,-3.118209,3.068799,6.181621,2.649622
556,11480,5000000,-1.813061,5.508883,-3.118210,2.979005,6.226053,2.680231
557,11480,105000000,-1.900097,5.514285,-3.119403,2.887751,6.268361,2.714591
558,11480,205000000,-2.000073,5.512065,-3.119407,2.775989,6.296404,2.755026
559,11480,305000000,-2.100048,5.509846,-3.119404,2.681733,6.332305,2.777967
560,11480,405000000,-2.204356,5.512532,-3.123427,2.586654,6.365920,2.796923
561,11480,505000000,-2.304340,5.510715,-3.123426,2.491110,6.397969,2.825308
562,11480,605000000,-2.404323,5.508898,-3.123429,2.391664,6.419569,2.855440
563,11480,705000000,-2.500717,5.498821,-3.119013,2.294514,6.445769,2.883043
564,11480,805000000,-2.600692,5.496562,-3.119002,2.196561,6.468466,2.926522
565,11480,905000000,-2.700571,5.492098,-3.045245,2.097716,6.486662,2.955560
566,11481,5000000,-2.781617,5.473141,-2.885463,2.007262,6.502413,2.973931
567,11481,105000000,-2.874881,5.435738,-2.680024,1.907922,6.516643,2.994223
568,11481,205000000,-2.959940,5.380869,-2.591828,1.808431,6.529244,3.016614
569,11481,305000000,-3.035898,5.318483,-2.588828,1.714808,6.539254,3.029800
570,11481,405000000,-3.119643,5.261747,-2.588799,1.615348,6.548521,3.034363
571,11481,505000000,-3.204054,5.207068,-2.588799,1.515778,6.557940,3.048145
572,11481,605000000,-3.288896,5.157199,-2.563314,1.426917,6.572423,3.059385
573,11481,705000000,-3.368983,5.097004,-2.432676,1.326980,6.579192,3.081730
574,11481,805000000,-3.438776,5.024736,-2.283950,1.226957,6.583464,3.098506
575,11481,905000000,-3.496029,4.938258,-2.207229,1.132418,6.612427,3.109928
576,11482,5000000,-3.547079,4.863192,-2.206880,1.042422,6.613332,3.132760
577,11482,105000000,-3.589630,4.771389,-2.199141,0.942381,6.612112,-3.127667
578,11482,205000000,-3.647110,4.689065,-2.199119,0.841209,6.597832,-3.113020
579,11482,305000000,-3.704953,4.607134,-2.199120,0.741264,6.594071,-3.112266
580,11482,405000000,-3.760434,4.522316,-2.197317,0.641327,6.590611,-3.113644
581,11482,505000000,-3.818242,4.440533,-2.169832,0.543261,6.584785,-3.108955
582,11482,605000000,-3.869307,4.354418,-2.038532,0.443351,6.581063,-3.106935
583,11482,705000000,-3.907445,4.268778,-1.882054,0.343455,6.577118,-3.101219
584,11482,805000000,-3.928196,4.170009,-1.791423,0.250481,6.588968,-3.101227
585,11482,905000000,-3.946585,4.070881,-1.791423,0.150636,6.583950,-3.084593
586,11483,5000000,-3.965942,3.972175,-1.791422,0.050889,6.577202,-3.074183
587,11483,105000000,-3.973587,3.879942,-1.788081,-0.037498,6.563670,-3.065948
588,11483,205000000,-3.993840,3.781707,-1.788086,-0.137151,6.555620,-3.065896
589,11483,305000000,-4.014463,3.683635,-1.788081,-0.236817,6.547782,-3.065160
590,11483,405000000,-4.035357,3.585683,-1.788040,-0.327577,6.526347,-3.058425
591,11483,505000000,-4.052885,3.494900,-1.788413,-0.427210,6.518110,-3.063823
592,11483,605000000,-4.070686,3.396440,-1.687839,-0.526894,6.510516,-3.067531
593,11483,705000000,-4.053620,3.277281,-1.615809,-0.629823,6.510738,-3.066455
594,11483,805000000,-4.056845,3.177127,-1.635664,-0.729484,6.502812,-3.058206
595,11483,905000000,-4.056472,3.163712,-1.658489,-0.829063,6.493888,-3.048429
596,11484,5000000,-4.066338,3.166484,-1.670371,-0.938860,6.465775,-3.033568
597,11484,105000000,-4.065624,3.175759,-1.670378,-1.038272,6.455139,-3.041966
598,11484,205000000,-4.064178,3.191726,-1.670380,-1.127811,6.446385,-3.046415
599,11484,305000000,-4.068373,3.205286,-1.682414,-1.235156,6.453404,-3.049558
600,11484,405000000,-4.066867,3.219406,-1.682414,-1.334658,6.443603,-3.035322
601,11484,505000000,-4.065426,3.232764,-1.682433,-1.433977,6.432070,-3.020200
602,11484,605000000,-4.070416,3.243720,-1.674395,-1.538374,6.421947,-3.015731
603,11484,705000000,-4.069354,3.254234,-1.674394,-1.637476,6.408632,-3.006000
604,11484,805000000,-4.068452,3.263122,-1.674394,-1.736455,6.394414,-3.000319
605,11484,905000000,-4.067699,3.270524,-1.674394,-1.838166,6.384689,-2.996293
