x,y,pixel_value
-5.845,7.505000000000001,0
-5.745,7.505000000000001,0
-3.945,7.505000000000001,0
-3.795,7.505000000000001,0
-3.695,7.505000000000001,0
-3.295,7.505000000000001,0
-2.9949999999999997,7.505000000000001,0
-2.795,7.505000000000001,0
-2.5949999999999998,7.505000000000001,0
-2.3949999999999996,7.505000000000001,0
-2.295,7.505000000000001,0
-2.2449999999999997,7.505000000000001,0
-2.1449999999999996,7.505000000000001,0
-2.0949999999999998,7.505000000000001,0
-1.9949999999999997,7.505000000000001,0
-1.9449999999999998,7.505000000000001,0
-1.8949999999999996,7.505000000000001,0
-1.795,7.505000000000001,0
-1.745,7.505000000000001,0
-1.6449999999999996,7.505000000000001,0
-1.545,7.505000000000001,0
-1.495,7.505000000000001,0
-1.4449999999999994,7.505000000000001,0
-1.3949999999999996,7.505000000000001,0
-1.3449999999999998,7.505000000000001,0
-1.295,7.505000000000001,0
-1.245,7.505000000000001,0
-1.1949999999999994,7.505000000000001,0
-1.1449999999999996,7.505000000000001,0
-1.0949999999999998,7.505000000000001,0
-1.045,7.505000000000001,0
-0.9949999999999992,7.505000000000001,0
-0.9449999999999994,7.505000000000001,0
-0.8949999999999996,7.505000000000001,0
-0.8449999999999998,7.505000000000001,0
-0.7949999999999999,7.505000000000001,0
-0.7449999999999992,7.505000000000001,0
-0.6949999999999994,7.505000000000001,0
-0.6449999999999996,7.505000000000001,0
-0.5949999999999998,7.505000000000001,0
-0.5449999999999999,7.505000000000001,0
-0.4949999999999992,7.505000000000001,0
-0.4449999999999994,7.505000000000001,0
-0.3949999999999996,7.505000000000001,0
-0.34499999999999975,7.505000000000001,0
-0.29499999999999993,7.505000000000001,0
-0.24499999999999922,7.505000000000001,0
-0.1949999999999994,7.505000000000001,0
-0.14499999999999957,7.505000000000001,0
-0.09499999999999975,7.505000000000001,0
-0.04499999999999993,7.505000000000001,0
0.005000000000000782,7.505000000000001,0
0.055000000000000604,7.505000000000001,0
0.10500000000000043,7.505000000000001,0
0.15500000000000025,7.505000000000001,0
0.20500000000000007,7.505000000000001,0
0.2550000000000008,7.505000000000001,0
0.3050000000000006,7.505000000000001,0
0.3550000000000004,7.505000000000001,0
0.40500000000000025,7.505000000000001,0
0.45500000000000007,7.505000000000001,0
0.5050000000000008,7.505000000000001,0
0.5550000000000006,7.505000000000001,0
0.6050000000000004,7.505000000000001,0
0.6550000000000002,7.505000000000001,0
0.7050000000000001,7.505000000000001,0
0.7550000000000008,7.505000000000001,0
0.8050000000000006,7.505000000000001,0
0.8550000000000004,7.505000000000001,0
0.9050000000000002,7.505000000000001,0
0.9550000000000001,7.505000000000001,0
1.0050000000000008,7.505000000000001,0
1.0550000000000006,7.505000000000001,0
1.1050000000000004,7.505000000000001,0
1.1550000000000002,7.505000000000001,0
1.205,7.505000000000001,0
1.2550000000000008,7.505000000000001,0
1.3050000000000006,7.505000000000001,0
1.3550000000000004,7.505000000000001,0
1.4050000000000002,7.505000000000001,0
1.455,7.505000000000001,0
1.5050000000000008,7.505000000000001,0
1.5550000000000006,7.505000000000001,0
1.6050000000000004,7.505000000000001,0
1.6550000000000002,7.505000000000001,0
1.705,7.505000000000001,0
1.7550000000000008,7.505000000000001,0
1.8050000000000006,7.505000000000001,0
1.8550000000000004,7.505000000000001,0
1.9050000000000002,7.505000000000001,0
1.955,7.505000000000001,0
2.005000000000001,7.505000000000001,0
2.0550000000000006,7.505000000000001,0
2.1050000000000004,7.505000000000001,0
2.155000000000001,7.505000000000001,0
2.205,7.505000000000001,0
2.255000000000001,7.505000000000001,0
2.3049999999999997,7.505000000000001,0
2.3550000000000004,7.505000000000001,0
2.405000000000001,7.505000000000001,0
2.455,7.505000000000001,0
2.505000000000001,7.505000000000001,0
2.5549999999999997,7.505000000000001,0
2.6050000000000004,7.505000000000001,0
2.655000000000001,7.505000000000001,0
2.705,7.505000000000001,0
2.755000000000001,7.505000000000001,0
2.8049999999999997,7.505000000000001,0
2.8550000000000004,7.505000000000001,0
2.905000000000001,7.505000000000001,0
2.955,7.505000000000001,0
3.005000000000001,7.505000000000001,0
3.0549999999999997,7.505000000000001,0
3.1050000000000004,7.505000000000001,0
3.155000000000001,7.505000000000001,0
3.205,7.505000000000001,0
3.255000000000001,7.505000000000001,0
3.3049999999999997,7.505000000000001,0
3.3550000000000004,7.505000000000001,0
3.405000000000001,7.505000000000001,0
3.455,7.505000000000001,0
3.505000000000001,7.505000000000001,0
3.5549999999999997,7.505000000000001,0
3.6050000000000004,7.505000000000001,0
3.655000000000001,7.505000000000001,0
3.705,7.505000000000001,0
3.755000000000001,7.505000000000001,0
3.8050000000000015,7.505000000000001,0
3.8550000000000004,7.505000000000001,0
3.905000000000001,7.505000000000001,0
3.955,7.505000000000001,0
4.005000000000001,7.505000000000001,0
4.0550000000000015,7.505000000000001,0
4.105,7.505000000000001,0
4.155000000000001,7.505000000000001,0
4.205,7.505000000000001,0
4.255000000000001,7.505000000000001,0
4.3050000000000015,7.505000000000001,0
4.355,7.505000000000001,0
4.405000000000001,7.505000000000001,0
4.455,7.505000000000001,0
4.505000000000001,7.505000000000001,0
4.5550000000000015,7.505000000000001,0
4.605,7.505000000000001,0
4.655000000000001,7.505000000000001,0
4.705,7.505000000000001,0
4.755000000000001,7.505000000000001,0
4.8050000000000015,7.505000000000001,0
4.855,7.505000000000001,0
4.905000000000001,7.505000000000001,0
4.955,7.505000000000001,0
5.005000000000001,7.505000000000001,0
5.0550000000000015,7.505000000000001,0
5.105,7.505000000000001,0
5.155000000000001,7.505000000000001,0
5.205,7.505000000000001,0
5.255000000000001,7.505000000000001,0
5.3050000000000015,7.505000000000001,0
5.355,7.505000000000001,0
5.405000000000001,7.505000000000001,0
5.455,7.505000000000001,0
5.505000000000001,7.505000000000001,0
5.5550000000000015,7.505000000000001,0
5.605,7.505000000000001,0
5.655000000000001,7.505000000000001,0
5.705,7.505000000000001,0
5.755000000000001,7.505000000000001,0
5.8050000000000015,7.505000000000001,0
5.855,7.505000000000001,0
5.905000000000001,7.505000000000001,0
5.955,7.505000000000001,0
6.005000000000001,7.505000000000001,0
6.0550000000000015,7.505000000000001,0
6.105,7.505000000000001,0
6.155000000000001,7.505000000000001,0
6.205,7.505000000000001,0
6.255000000000001,7.505000000000001,0
6.3050000000000015,7.505000000000001,0
-5.845,7.455,0
-5.845,7.404999999999999,0
-5.845,7.354999999999999,0
-5.845,7.3050000000000015,0
-5.845,7.255000000000001,0
-5.845,7.205,0
-5.845,7.154999999999999,0
6.3050000000000015,7.154999999999999,0
-5.845,7.104999999999999,0
-5.845,7.0550000000000015,0
-5.845,7.005000000000001,0
6.3050000000000015,7.005000000000001,0
-5.845,6.955,0
-5.845,6.904999999999999,0
6.3050000000000015,6.904999999999999,0
-5.845,6.854999999999999,0
-5.845,6.8050000000000015,0
-5.845,6.755000000000001,0
6.3050000000000015,6.755000000000001,0
-5.845,6.705,0
-5.845,6.654999999999999,0
6.3050000000000015,6.654999999999999,0
-5.845,6.605,0
-5.845,6.555,0
-5.845,6.505000000000001,0
6.3050000000000015,6.505000000000001,0
-5.845,6.455,0
-5.845,6.404999999999999,0
-5.845,6.355,0
-5.845,6.305,0
-5.845,6.255000000000001,0
-5.845,6.205,0
6.3050000000000015,6.205,0
-5.845,6.154999999999999,0
-5.845,6.105,0
-5.845,6.055,0
-5.845,6.005000000000001,0
-5.845,5.955,0
6.3050000000000015,5.955,0
-5.845,5.904999999999999,0
-5.845,5.855,0
-5.845,5.805,0
-5.845,5.755000000000001,0
6.3050000000000015,5.755000000000001,0
-5.845,5.705,0
-5.845,5.654999999999999,0
-5.845,5.605,0
-5.845,5.555,0
-5.845,5.505000000000001,0
6.3050000000000015,5.505000000000001,0
-5.845,5.455,0
-5.845,5.404999999999999,0
6.3050000000000015,5.404999999999999,0
-5.845,5.355,0
-5.845,5.305,0
-5.845,5.255000000000001,0
-5.845,5.205,0
-5.845,5.154999999999999,0
6.3050000000000015,5.154999999999999,0
-5.845,5.105,0
-5.845,5.055,0
-5.845,5.005000000000001,0
-5.845,4.955,0
-2.545,4.955,0
-2.4949999999999997,4.955,0
-2.445,4.955,0
-2.3949999999999996,4.955,0
-2.3449999999999998,4.955,0
-2.295,4.955,0
-2.2449999999999997,4.955,0
-2.195,4.955,0
-2.1449999999999996,4.955,0
-2.0949999999999998,4.955,0
-2.045,4.955,0
-1.9949999999999997,4.955,0
-1.9449999999999998,4.955,0
-1.8949999999999996,4.955,0
-1.8449999999999998,4.955,0
-1.795,4.955,0
-1.745,4.955,0
-1.6949999999999994,4.955,0
-1.6449999999999996,4.955,0
-1.5949999999999998,4.955,0
-1.545,4.955,0
-1.495,4.955,0
-1.4449999999999994,4.955,0
-1.3949999999999996,4.955,0
-1.295,4.955,0
1.1550000000000002,4.955,0
1.205,4.955,0
1.2550000000000008,4.955,0
1.3050000000000006,4.955,0
1.3550000000000004,4.955,0
1.4050000000000002,4.955,0
1.455,4.955,0
1.5050000000000008,4.955,0
1.5550000000000006,4.955,0
1.6050000000000004,4.955,0
1.6550000000000002,4.955,0
1.705,4.955,0
1.7550000000000008,4.955,0
1.8050000000000006,4.955,0
1.8550000000000004,4.955,0
1.9050000000000002,4.955,0
1.955,4.955,0
2.005000000000001,4.955,0
2.0550000000000006,4.955,0
2.1050000000000004,4.955,0
2.155000000000001,4.955,0
2.205,4.955,0
2.255000000000001,4.955,0
2.3049999999999997,4.955,0
2.3550000000000004,4.955,0
-5.845,4.904999999999999,0
-2.5949999999999998,4.904999999999999,0
-2.545,4.904999999999999,0
-2.4949999999999997,4.904999999999999,0
-2.445,4.904999999999999,0
-2.3949999999999996,4.904999999999999,0
-2.3449999999999998,4.904999999999999,0
-2.295,4.904999999999999,0
-2.2449999999999997,4.904999999999999,0
-2.195,4.904999999999999,0
-2.1449999999999996,4.904999999999999,0
-2.0949999999999998,4.904999999999999,0
-2.045,4.904999999999999,0
-1.9949999999999997,4.904999999999999,0
-1.9449999999999998,4.904999999999999,0
-1.8949999999999996,4.904999999999999,0
-1.8449999999999998,4.904999999999999,0
-1.795,4.904999999999999,0
-1.745,4.904999999999999,0
-1.6949999999999994,4.904999999999999,0
-1.6449999999999996,4.904999999999999,0
-1.5949999999999998,4.904999999999999,0
-1.545,4.904999999999999,0
-1.495,4.904999999999999,0
-1.4449999999999994,4.904999999999999,0
-1.3949999999999996,4.904999999999999,0
-1.3449999999999998,4.904999999999999,0
-1.295,4.904999999999999,0
-1.245,4.904999999999999,0
-1.1949999999999994,4.904999999999999,0
-1.1449999999999996,4.904999999999999,0
-1.0949999999999998,4.904999999999999,0
-1.045,4.904999999999999,0
-0.9949999999999992,4.904999999999999,0
-0.9449999999999994,4.904999999999999,0
-0.8949999999999996,4.904999999999999,0
-0.8449999999999998,4.904999999999999,0
-0.7949999999999999,4.904999999999999,0
-0.7449999999999992,4.904999999999999,0
-0.6949999999999994,4.904999999999999,0
-0.6449999999999996,4.904999999999999,0
-0.5949999999999998,4.904999999999999,0
-0.5449999999999999,4.904999999999999,0
-0.4949999999999992,4.904999999999999,0
-0.4449999999999994,4.904999999999999,0
-0.3949999999999996,4.904999999999999,0
-0.34499999999999975,4.904999999999999,0
-0.29499999999999993,4.904999999999999,0
-0.24499999999999922,4.904999999999999,0
-0.1949999999999994,4.904999999999999,0
-0.14499999999999957,4.904999999999999,0
-0.09499999999999975,4.904999999999999,0
-0.04499999999999993,4.904999999999999,0
0.005000000000000782,4.904999999999999,0
0.055000000000000604,4.904999999999999,0
0.10500000000000043,4.904999999999999,0
0.15500000000000025,4.904999999999999,0
0.20500000000000007,4.904999999999999,0
0.2550000000000008,4.904999999999999,0
0.3050000000000006,4.904999999999999,0
0.3550000000000004,4.904999999999999,0
0.40500000000000025,4.904999999999999,0
0.45500000000000007,4.904999999999999,0
0.5050000000000008,4.904999999999999,0
0.5550000000000006,4.904999999999999,0
0.6050000000000004,4.904999999999999,0
0.6550000000000002,4.904999999999999,0
0.7050000000000001,4.904999999999999,0
0.7550000000000008,4.904999999999999,0
0.8050000000000006,4.904999999999999,0
0.8550000000000004,4.904999999999999,0
0.9050000000000002,4.904999999999999,0
0.9550000000000001,4.904999999999999,0
1.0050000000000008,4.904999999999999,0
1.0550000000000006,4.904999999999999,0
1.1050000000000004,4.904999999999999,0
1.1550000000000002,4.904999999999999,0
1.205,4.904999999999999,0
1.2550000000000008,4.904999999999999,0
1.3050000000000006,4.904999999999999,0
1.3550000000000004,4.904999999999999,0
1.4050000000000002,4.904999999999999,0
1.455,4.904999999999999,0
1.5050000000000008,4.904999999999999,0
1.5550000000000006,4.904999999999999,0
1.6050000000000004,4.904999999999999,0
1.6550000000000002,4.904999999999999,0
1.705,4.904999999999999,0
1.7550000000000008,4.904999999999999,0
1.8050000000000006,4.904999999999999,0
1.8550000000000004,4.904999999999999,0
1.9050000000000002,4.904999999999999,0
1.955,4.904999999999999,0
2.005000000000001,4.904999999999999,0
2.0550000000000006,4.904999999999999,0
2.1050000000000004,4.904999999999999,0
2.155000000000001,4.904999999999999,0
2.205,4.904999999999999,0
2.255000000000001,4.904999999999999,0
2.3049999999999997,4.904999999999999,0
2.3550000000000004,4.904999999999999,0
2.405000000000001,4.904999999999999,0
6.3050000000000015,4.904999999999999,0
-5.845,4.855,0
-2.5949999999999998,4.855,0
2.405000000000001,4.855,0
2.455,4.855,0
2.505000000000001,4.855,0
-5.845,4.805,0
-2.5949999999999998,4.805,0
2.505000000000001,4.805,0
2.5549999999999997,4.805,0
2.6050000000000004,4.805,0
-5.845,4.755000000000001,0
-2.5949999999999998,4.755000000000001,0
2.6050000000000004,4.755000000000001,0
2.655000000000001,4.755000000000001,0
2.705,4.755000000000001,0
-5.845,4.705,0
-2.5949999999999998,4.705,0
2.705,4.705,0
2.755000000000001,4.705,0
-5.845,4.654999999999999,0
-2.5949999999999998,4.654999999999999,0
2.705,4.654999999999999,0
6.3050000000000015,4.654999999999999,0
-5.845,4.605,0
-2.5949999999999998,4.605,0
2.655000000000001,4.605,0
2.705,4.605,0
-5.845,4.555,0
-2.5949999999999998,4.555,0
2.655000000000001,4.555,0
2.705,4.555,0
-5.845,4.505000000000001,0
-2.5949999999999998,4.505000000000001,0
2.655000000000001,4.505000000000001,0
6.3050000000000015,4.505000000000001,0
-5.845,4.455,0
-2.5949999999999998,4.455,0
2.655000000000001,4.455,0
-5.845,4.404999999999999,0
-2.5949999999999998,4.404999999999999,0
2.6050000000000004,4.404999999999999,0
2.655000000000001,4.404999999999999,0
6.3050000000000015,4.404999999999999,0
-5.845,4.355,0
-2.5949999999999998,4.355,0
2.6050000000000004,4.355,0
-5.845,4.305,0
-2.5949999999999998,4.305,0
2.6050000000000004,4.305,0
-5.845,4.255000000000001,0
-2.5949999999999998,4.255000000000001,0
2.6050000000000004,4.255000000000001,0
-5.845,4.205,0
-2.5949999999999998,4.205,0
2.5549999999999997,4.205,0
2.6050000000000004,4.205,0
-5.845,4.154999999999999,0
-2.5949999999999998,4.154999999999999,0
2.5549999999999997,4.154999999999999,0
6.3050000000000015,4.154999999999999,0
-5.845,4.105,0
-2.5949999999999998,4.105,0
2.5549999999999997,4.105,0
-5.895,4.055,0
-5.845,4.055,0
-2.5949999999999998,4.055,0
-1.545,4.055,0
-1.495,4.055,0
-1.4449999999999994,4.055,0
-1.3949999999999996,4.055,0
-1.3449999999999998,4.055,0
-1.295,4.055,0
-1.245,4.055,0
-1.1949999999999994,4.055,0
-1.1449999999999996,4.055,0
-1.0949999999999998,4.055,0
-1.045,4.055,0
-0.9949999999999992,4.055,0
-0.8949999999999996,4.055,0
-0.8449999999999998,4.055,0
-0.7949999999999999,4.055,0
-0.7449999999999992,4.055,0
-0.6949999999999994,4.055,0
-0.6449999999999996,4.055,0
-0.5949999999999998,4.055,0
-0.5449999999999999,4.055,0
-0.4949999999999992,4.055,0
-0.4449999999999994,4.055,0
-0.3949999999999996,4.055,0
-0.34499999999999975,4.055,0
-0.29499999999999993,4.055,0
-0.1949999999999994,4.055,0
-0.14499999999999957,4.055,0
-0.04499999999999993,4.055,0
0.005000000000000782,4.055,0
0.055000000000000604,4.055,0
0.10500000000000043,4.055,0
0.20500000000000007,4.055,0
0.3550000000000004,4.055,0
0.45500000000000007,4.055,0
0.7050000000000001,4.055,0
0.8050000000000006,4.055,0
2.5549999999999997,4.055,0
-5.845,4.005000000000001,0
-2.5949999999999998,4.005000000000001,0
-1.5949999999999998,4.005000000000001,0
-1.545,4.005000000000001,0
-1.495,4.005000000000001,0
-1.4449999999999994,4.005000000000001,0
-1.3949999999999996,4.005000000000001,0
-1.3449999999999998,4.005000000000001,0
-1.295,4.005000000000001,0
-1.245,4.005000000000001,0
-1.1949999999999994,4.005000000000001,0
-1.1449999999999996,4.005000000000001,0
-1.0949999999999998,4.005000000000001,0
-1.045,4.005000000000001,0
-0.9949999999999992,4.005000000000001,0
-0.9449999999999994,4.005000000000001,0
-0.8949999999999996,4.005000000000001,0
-0.8449999999999998,4.005000000000001,0
-0.7949999999999999,4.005000000000001,0
-0.7449999999999992,4.005000000000001,0
-0.6949999999999994,4.005000000000001,0
-0.6449999999999996,4.005000000000001,0
-0.5949999999999998,4.005000000000001,0
-0.5449999999999999,4.005000000000001,0
-0.4949999999999992,4.005000000000001,0
-0.4449999999999994,4.005000000000001,0
-0.3949999999999996,4.005000000000001,0
-0.34499999999999975,4.005000000000001,0
-0.29499999999999993,4.005000000000001,0
-0.24499999999999922,4.005000000000001,0
-0.1949999999999994,4.005000000000001,0
-0.14499999999999957,4.005000000000001,0
-0.09499999999999975,4.005000000000001,0
-0.04499999999999993,4.005000000000001,0
0.005000000000000782,4.005000000000001,0
0.055000000000000604,4.005000000000001,0
0.10500000000000043,4.005000000000001,0
0.15500000000000025,4.005000000000001,0
0.20500000000000007,4.005000000000001,0
0.2550000000000008,4.005000000000001,0
0.3050000000000006,4.005000000000001,0
0.3550000000000004,4.005000000000001,0
0.40500000000000025,4.005000000000001,0
0.45500000000000007,4.005000000000001,0
0.5050000000000008,4.005000000000001,0
0.5550000000000006,4.005000000000001,0
0.6050000000000004,4.005000000000001,0
0.6550000000000002,4.005000000000001,0
0.7050000000000001,4.005000000000001,0
0.7550000000000008,4.005000000000001,0
0.8050000000000006,4.005000000000001,0
0.8550000000000004,4.005000000000001,0
0.9050000000000002,4.005000000000001,0
0.9550000000000001,4.005000000000001,0
1.0050000000000008,4.005000000000001,0
1.0550000000000006,4.005000000000001,0
1.1050000000000004,4.005000000000001,0
1.1550000000000002,4.005000000000001,0
1.205,4.005000000000001,0
1.2550000000000008,4.005000000000001,0
1.3050000000000006,4.005000000000001,0
1.3550000000000004,4.005000000000001,0
1.4050000000000002,4.005000000000001,0
1.455,4.005000000000001,0
1.5050000000000008,4.005000000000001,0
1.5550000000000006,4.005000000000001,0
1.6050000000000004,4.005000000000001,0
1.6550000000000002,4.005000000000001,0
1.705,4.005000000000001,0
1.7550000000000008,4.005000000000001,0
1.8050000000000006,4.005000000000001,0
1.8550000000000004,4.005000000000001,0
1.9050000000000002,4.005000000000001,0
1.955,4.005000000000001,0
2.005000000000001,4.005000000000001,0
2.0550000000000006,4.005000000000001,0
2.1050000000000004,4.005000000000001,0
2.155000000000001,4.005000000000001,0
2.205,4.005000000000001,0
2.255000000000001,4.005000000000001,0
2.3049999999999997,4.005000000000001,0
2.3550000000000004,4.005000000000001,0
2.405000000000001,4.005000000000001,0
2.455,4.005000000000001,0
2.505000000000001,4.005000000000001,0
2.5549999999999997,4.005000000000001,0
6.3050000000000015,4.005000000000001,0
-5.845,3.955,0
-2.5949999999999998,3.955,0
-1.5949999999999998,3.955,0
-5.845,3.9049999999999994,0
-2.5949999999999998,3.9049999999999994,0
-1.5949999999999998,3.9049999999999994,0
-5.845,3.8550000000000004,0
-2.5949999999999998,3.8550000000000004,0
-1.5949999999999998,3.8550000000000004,0
6.3050000000000015,3.8550000000000004,0
-5.845,3.8049999999999997,0
-2.5949999999999998,3.8049999999999997,0
-1.5949999999999998,3.8049999999999997,0
-5.845,3.755000000000001,0
-2.5949999999999998,3.755000000000001,0
-1.5949999999999998,3.755000000000001,0
6.3050000000000015,3.755000000000001,0
-5.845,3.705,0
-2.5949999999999998,3.705,0
-1.5949999999999998,3.705,0
-5.845,3.6549999999999994,0
-2.5949999999999998,3.6549999999999994,0
-1.5949999999999998,3.6549999999999994,0
-5.845,3.6050000000000004,0
-2.5949999999999998,3.6050000000000004,0
-1.5949999999999998,3.6050000000000004,0
-5.845,3.5549999999999997,0
-2.5949999999999998,3.5549999999999997,0
-1.5949999999999998,3.5549999999999997,0
-5.845,3.505000000000001,0
-2.5949999999999998,3.505000000000001,0
-1.5949999999999998,3.505000000000001,0
-5.845,3.455,0
-2.5949999999999998,3.455,0
-1.5949999999999998,3.455,0
-5.845,3.4049999999999994,0
-2.5949999999999998,3.4049999999999994,0
-1.5949999999999998,3.4049999999999994,0
-5.845,3.3550000000000004,0
-2.5949999999999998,3.3550000000000004,0
-1.5949999999999998,3.3550000000000004,0
-5.845,3.3049999999999997,0
-2.5949999999999998,3.3049999999999997,0
-1.5949999999999998,3.3049999999999997,0
-5.845,3.255000000000001,0
-2.5949999999999998,3.255000000000001,0
-1.5949999999999998,3.255000000000001,0
-5.895,3.205,0
-5.845,3.205,0
-2.5949999999999998,3.205,0
-1.5949999999999998,3.205,0
-5.845,3.1549999999999994,0
-2.5949999999999998,3.1549999999999994,0
-1.5949999999999998,3.1549999999999994,0
6.3050000000000015,3.1549999999999994,0
-5.845,3.1050000000000004,0
-2.5949999999999998,3.1050000000000004,0
-1.5949999999999998,3.1050000000000004,0
-5.845,3.0549999999999997,0
-2.5949999999999998,3.0549999999999997,0
-1.5949999999999998,3.0549999999999997,0
-5.845,3.005000000000001,0
-2.5949999999999998,3.005000000000001,0
-1.5949999999999998,3.005000000000001,0
-5.845,2.955,0
-2.5949999999999998,2.955,0
-1.5949999999999998,2.955,0
-5.845,2.9049999999999994,0
-2.5949999999999998,2.9049999999999994,0
-1.5949999999999998,2.9049999999999994,0
-5.845,2.8550000000000004,0
-2.5949999999999998,2.8550000000000004,0
-1.5949999999999998,2.8550000000000004,0
-5.845,2.8049999999999997,0
-2.5949999999999998,2.8049999999999997,0
-1.5949999999999998,2.8049999999999997,0
-5.845,2.755000000000001,0
-2.5949999999999998,2.755000000000001,0
-1.5949999999999998,2.755000000000001,0
6.3050000000000015,2.755000000000001,0
-5.845,2.705,0
-2.5949999999999998,2.705,0
-1.5949999999999998,2.705,0
-5.845,2.6549999999999994,0
-2.5949999999999998,2.6549999999999994,0
-1.5949999999999998,2.6549999999999994,0
-5.845,2.6050000000000004,0
-2.5949999999999998,2.6050000000000004,0
-1.5949999999999998,2.6050000000000004,0
6.3050000000000015,2.6050000000000004,0
-5.845,2.5549999999999997,0
-2.5949999999999998,2.5549999999999997,0
-1.5949999999999998,2.5549999999999997,0
-5.845,2.505000000000001,0
-2.5949999999999998,2.505000000000001,0
-1.5949999999999998,2.505000000000001,0
-5.845,2.455,0
-2.5949999999999998,2.455,0
-1.5949999999999998,2.455,0
-5.845,2.4049999999999994,0
-2.5949999999999998,2.4049999999999994,0
-1.5949999999999998,2.4049999999999994,0
6.3050000000000015,2.4049999999999994,0
-5.845,2.3550000000000004,0
-2.5949999999999998,2.3550000000000004,0
-1.5949999999999998,2.3550000000000004,0
-5.845,2.3049999999999997,0
-2.5949999999999998,2.3049999999999997,0
-1.5949999999999998,2.3049999999999997,0
-5.845,2.255000000000001,0
-2.5949999999999998,2.255000000000001,0
-1.5949999999999998,2.255000000000001,0
6.3050000000000015,2.255000000000001,0
-5.845,2.205,0
-2.5949999999999998,2.205,0
-1.5949999999999998,2.205,0
-5.845,2.1549999999999994,0
-2.5949999999999998,2.1549999999999994,0
-1.5949999999999998,2.1549999999999994,0
6.3050000000000015,2.1549999999999994,0
-5.845,2.1050000000000004,0
-2.5949999999999998,2.1050000000000004,0
-1.5949999999999998,2.1050000000000004,0
6.3050000000000015,2.1050000000000004,0
-5.845,2.0549999999999997,0
-2.5949999999999998,2.0549999999999997,0
-1.5949999999999998,2.0549999999999997,0
-5.845,2.005000000000001,0
-2.5949999999999998,2.005000000000001,0
-1.5949999999999998,2.005000000000001,0
6.3050000000000015,2.005000000000001,0
-5.845,1.955,0
-2.5949999999999998,1.955,0
-1.5949999999999998,1.955,0
-5.845,1.9049999999999994,0
-2.5949999999999998,1.9049999999999994,0
-1.5949999999999998,1.9049999999999994,0
-5.845,1.8550000000000004,0
-2.5949999999999998,1.8550000000000004,0
-1.5949999999999998,1.8550000000000004,0
6.3050000000000015,1.8550000000000004,0
-5.845,1.8049999999999997,0
-2.5949999999999998,1.8049999999999997,0
-1.5949999999999998,1.8049999999999997,0
-5.845,1.7550000000000008,0
-2.5949999999999998,1.7550000000000008,0
-1.5949999999999998,1.7550000000000008,0
6.3050000000000015,1.7550000000000008,0
-5.845,1.705,0
-2.5949999999999998,1.705,0
-1.5949999999999998,1.705,0
-5.845,1.6549999999999994,0
-2.5949999999999998,1.6549999999999994,0
-1.5949999999999998,1.6549999999999994,0
6.3050000000000015,1.6549999999999994,0
-5.845,1.6050000000000004,0
-2.5949999999999998,1.6050000000000004,0
-1.5949999999999998,1.6050000000000004,0
-5.845,1.5549999999999997,0
-2.5949999999999998,1.5549999999999997,0
-1.5949999999999998,1.5549999999999997,0
-5.845,1.5050000000000008,0
-2.5949999999999998,1.5050000000000008,0
-1.5949999999999998,1.5050000000000008,0
6.3050000000000015,1.5050000000000008,0
-5.845,1.455,0
-2.5949999999999998,1.455,0
-1.5949999999999998,1.455,0
-5.845,1.4049999999999994,0
-2.5949999999999998,1.4049999999999994,0
-1.5949999999999998,1.4049999999999994,0
-5.845,1.3550000000000004,0
-2.5949999999999998,1.3550000000000004,0
-1.5949999999999998,1.3550000000000004,0
6.3050000000000015,1.3550000000000004,0
-5.845,1.3049999999999997,0
-2.5949999999999998,1.3049999999999997,0
-1.5949999999999998,1.3049999999999997,0
-5.845,1.2550000000000008,0
-2.5949999999999998,1.2550000000000008,0
-1.5949999999999998,1.2550000000000008,0
6.3050000000000015,1.2550000000000008,0
-5.845,1.205,0
-2.5949999999999998,1.205,0
-1.5949999999999998,1.205,0
-5.845,1.1549999999999994,0
-2.5949999999999998,1.1549999999999994,0
-1.5949999999999998,1.1549999999999994,0
6.3050000000000015,1.1549999999999994,0
-5.845,1.1050000000000004,0
-2.5949999999999998,1.1050000000000004,0
-1.5949999999999998,1.1050000000000004,0
6.3050000000000015,1.1050000000000004,0
-5.845,1.0549999999999997,0
-2.5949999999999998,1.0549999999999997,0
-1.5949999999999998,1.0549999999999997,0
-5.845,1.0050000000000008,0
-2.5949999999999998,1.0050000000000008,0
-1.5949999999999998,1.0050000000000008,0
6.3050000000000015,1.0050000000000008,0
-5.845,0.9550000000000001,0
-2.5949999999999998,0.9550000000000001,0
-1.5949999999999998,0.9550000000000001,0
-5.845,0.9049999999999994,0
-2.5949999999999998,0.9049999999999994,0
-1.5949999999999998,0.9049999999999994,0
-5.845,0.8550000000000004,0
-2.5949999999999998,0.8550000000000004,0
-1.5949999999999998,0.8550000000000004,0
6.3050000000000015,0.8550000000000004,0
-5.845,0.8049999999999997,0
-2.5949999999999998,0.8049999999999997,0
-1.5949999999999998,0.8049999999999997,0
-5.845,0.7550000000000008,0
-2.5949999999999998,0.7550000000000008,0
-1.5949999999999998,0.7550000000000008,0
6.3050000000000015,0.7550000000000008,0
-5.895,0.7050000000000001,0
-5.845,0.7050000000000001,0
-2.5949999999999998,0.7050000000000001,0
-1.5949999999999998,0.7050000000000001,0
-5.895,0.6549999999999994,0
-5.845,0.6549999999999994,0
-2.5949999999999998,0.6549999999999994,0
-1.5949999999999998,0.6549999999999994,0
6.3050000000000015,0.6549999999999994,0
-5.895,0.6050000000000004,0
-5.845,0.6050000000000004,0
-2.5949999999999998,0.6050000000000004,0
-1.5949999999999998,0.6050000000000004,0
6.3050000000000015,0.6050000000000004,0
-5.895,0.5549999999999997,0
-5.845,0.5549999999999997,0
-2.5949999999999998,0.5549999999999997,0
-1.5949999999999998,0.5549999999999997,0
-5.895,0.5050000000000008,0
-5.845,0.5050000000000008,0
-2.5949999999999998,0.5050000000000008,0
-1.5949999999999998,0.5050000000000008,0
6.3050000000000015,0.5050000000000008,0
-5.895,0.45500000000000007,0
-5.845,0.45500000000000007,0
-2.5949999999999998,0.45500000000000007,0
-1.5949999999999998,0.45500000000000007,0
-5.895,0.40499999999999936,0
-5.845,0.40499999999999936,0
-2.5949999999999998,0.40499999999999936,0
-1.5949999999999998,0.40499999999999936,0
6.3050000000000015,0.40499999999999936,0
-5.895,0.3550000000000004,0
-5.845,0.3550000000000004,0
-2.5949999999999998,0.3550000000000004,0
-1.5949999999999998,0.3550000000000004,0
6.3050000000000015,0.3550000000000004,0
-5.895,0.3049999999999997,0
-5.845,0.3049999999999997,0
-2.5949999999999998,0.3049999999999997,0
-1.5949999999999998,0.3049999999999997,0
-5.895,0.254999999999999,0
-5.845,0.254999999999999,0
-2.5949999999999998,0.254999999999999,0
-1.5949999999999998,0.254999999999999,0
6.3050000000000015,0.254999999999999,0
-5.895,0.20500000000000007,0
-5.845,0.20500000000000007,0
-2.5949999999999998,0.20500000000000007,0
-1.5949999999999998,0.20500000000000007,0
-5.895,0.15499999999999936,0
-5.845,0.15499999999999936,0
-2.5949999999999998,0.15499999999999936,0
-1.5949999999999998,0.15499999999999936,0
6.3050000000000015,0.15499999999999936,0
-5.895,0.10500000000000043,0
-5.845,0.10500000000000043,0
-2.5949999999999998,0.10500000000000043,0
-1.5949999999999998,0.10500000000000043,0
-5.895,0.054999999999999716,0
-5.845,0.054999999999999716,0
-2.5949999999999998,0.054999999999999716,0
-1.5949999999999998,0.054999999999999716,0
6.3050000000000015,0.054999999999999716,0
-5.895,0.004999999999999005,0
-5.845,0.004999999999999005,0
-2.5949999999999998,0.004999999999999005,0
-1.5949999999999998,0.004999999999999005,0
-5.895,-0.04499999999999993,0
-5.845,-0.04499999999999993,0
-2.5949999999999998,-0.04499999999999993,0
-1.5949999999999998,-0.04499999999999993,0
1.955,-0.04499999999999993,0
2.005000000000001,-0.04499999999999993,0
2.0550000000000006,-0.04499999999999993,0
2.1050000000000004,-0.04499999999999993,0
2.155000000000001,-0.04499999999999993,0
2.205,-0.04499999999999993,0
2.255000000000001,-0.04499999999999993,0
2.3049999999999997,-0.04499999999999993,0
2.3550000000000004,-0.04499999999999993,0
2.405000000000001,-0.04499999999999993,0
2.455,-0.04499999999999993,0
2.505000000000001,-0.04499999999999993,0
2.5549999999999997,-0.04499999999999993,0
2.6050000000000004,-0.04499999999999993,0
2.655000000000001,-0.04499999999999993,0
2.705,-0.04499999999999993,0
2.755000000000001,-0.04499999999999993,0
2.8049999999999997,-0.04499999999999993,0
2.8550000000000004,-0.04499999999999993,0
2.905000000000001,-0.04499999999999993,0
2.955,-0.04499999999999993,0
3.005000000000001,-0.04499999999999993,0
3.0549999999999997,-0.04499999999999993,0
3.1050000000000004,-0.04499999999999993,0
3.155000000000001,-0.04499999999999993,0
3.205,-0.04499999999999993,0
3.255000000000001,-0.04499999999999993,0
3.3049999999999997,-0.04499999999999993,0
3.3550000000000004,-0.04499999999999993,0
3.405000000000001,-0.04499999999999993,0
3.455,-0.04499999999999993,0
3.505000000000001,-0.04499999999999993,0
3.5549999999999997,-0.04499999999999993,0
3.6050000000000004,-0.04499999999999993,0
3.655000000000001,-0.04499999999999993,0
3.705,-0.04499999999999993,0
3.755000000000001,-0.04499999999999993,0
3.8050000000000015,-0.04499999999999993,0
3.8550000000000004,-0.04499999999999993,0
3.905000000000001,-0.04499999999999993,0
3.955,-0.04499999999999993,0
4.005000000000001,-0.04499999999999993,0
4.0550000000000015,-0.04499999999999993,0
4.105,-0.04499999999999993,0
4.155000000000001,-0.04499999999999993,0
4.205,-0.04499999999999993,0
4.255000000000001,-0.04499999999999993,0
4.3050000000000015,-0.04499999999999993,0
4.355,-0.04499999999999993,0
4.405000000000001,-0.04499999999999993,0
4.455,-0.04499999999999993,0
4.505000000000001,-0.04499999999999993,0
4.5550000000000015,-0.04499999999999993,0
4.605,-0.04499999999999993,0
4.655000000000001,-0.04499999999999993,0
4.705,-0.04499999999999993,0
4.755000000000001,-0.04499999999999993,0
4.8050000000000015,-0.04499999999999993,0
4.855,-0.04499999999999993,0
4.905000000000001,-0.04499999999999993,0
4.955,-0.04499999999999993,0
5.005000000000001,-0.04499999999999993,0
5.0550000000000015,-0.04499999999999993,0
5.105,-0.04499999999999993,0
5.155000000000001,-0.04499999999999993,0
5.205,-0.04499999999999993,0
5.255000000000001,-0.04499999999999993,0
5.3050000000000015,-0.04499999999999993,0
5.355,-0.04499999999999993,0
5.405000000000001,-0.04499999999999993,0
5.455,-0.04499999999999993,0
5.505000000000001,-0.04499999999999993,0
5.5550000000000015,-0.04499999999999993,0
5.605,-0.04499999999999993,0
5.655000000000001,-0.04499999999999993,0
5.705,-0.04499999999999993,0
5.755000000000001,-0.04499999999999993,0
5.8050000000000015,-0.04499999999999993,0
5.855,-0.04499999999999993,0
5.905000000000001,-0.04499999999999993,0
5.955,-0.04499999999999993,0
6.005000000000001,-0.04499999999999993,0
6.0550000000000015,-0.04499999999999993,0
6.105,-0.04499999999999993,0
6.155000000000001,-0.04499999999999993,0
6.205,-0.04499999999999993,0
6.255000000000001,-0.04499999999999993,0
6.3050000000000015,-0.04499999999999993,0
-5.895,-0.09500000000000064,0
-5.845,-0.09500000000000064,0
-2.5949999999999998,-0.09500000000000064,0
-1.5949999999999998,-0.09500000000000064,0
1.955,-0.09500000000000064,0
-5.895,-0.14499999999999957,0
-5.845,-0.14499999999999957,0
-2.5949999999999998,-0.14499999999999957,0
-1.5949999999999998,-0.14499999999999957,0
1.955,-0.14499999999999957,0
-5.895,-0.19500000000000028,0
-5.845,-0.19500000000000028,0
-2.5949999999999998,-0.19500000000000028,0
-1.5949999999999998,-0.19500000000000028,0
1.955,-0.19500000000000028,0
2.005000000000001,-0.19500000000000028,0
2.0550000000000006,-0.19500000000000028,0
2.1050000000000004,-0.19500000000000028,0
2.155000000000001,-0.19500000000000028,0
2.205,-0.19500000000000028,0
2.255000000000001,-0.19500000000000028,0
2.3049999999999997,-0.19500000000000028,0
2.3550000000000004,-0.19500000000000028,0
2.405000000000001,-0.19500000000000028,0
2.455,-0.19500000000000028,0
2.505000000000001,-0.19500000000000028,0
2.5549999999999997,-0.19500000000000028,0
2.6050000000000004,-0.19500000000000028,0
2.655000000000001,-0.19500000000000028,0
2.705,-0.19500000000000028,0
2.755000000000001,-0.19500000000000028,0
2.8049999999999997,-0.19500000000000028,0
2.8550000000000004,-0.19500000000000028,0
2.905000000000001,-0.19500000000000028,0
2.955,-0.19500000000000028,0
3.005000000000001,-0.19500000000000028,0
3.0549999999999997,-0.19500000000000028,0
3.1050000000000004,-0.19500000000000028,0
3.155000000000001,-0.19500000000000028,0
3.205,-0.19500000000000028,0
3.255000000000001,-0.19500000000000028,0
3.3049999999999997,-0.19500000000000028,0
3.3550000000000004,-0.19500000000000028,0
3.405000000000001,-0.19500000000000028,0
3.455,-0.19500000000000028,0
3.505000000000001,-0.19500000000000028,0
3.5549999999999997,-0.19500000000000028,0
3.6050000000000004,-0.19500000000000028,0
3.655000000000001,-0.19500000000000028,0
3.705,-0.19500000000000028,0
3.755000000000001,-0.19500000000000028,0
3.8050000000000015,-0.19500000000000028,0
3.8550000000000004,-0.19500000000000028,0
3.905000000000001,-0.19500000000000028,0
3.955,-0.19500000000000028,0
4.005000000000001,-0.19500000000000028,0
4.0550000000000015,-0.19500000000000028,0
4.105,-0.19500000000000028,0
4.155000000000001,-0.19500000000000028,0
4.205,-0.19500000000000028,0
4.255000000000001,-0.19500000000000028,0
4.3050000000000015,-0.19500000000000028,0
4.355,-0.19500000000000028,0
4.405000000000001,-0.19500000000000028,0
4.455,-0.19500000000000028,0
4.505000000000001,-0.19500000000000028,0
4.5550000000000015,-0.19500000000000028,0
4.605,-0.19500000000000028,0
4.655000000000001,-0.19500000000000028,0
4.705,-0.19500000000000028,0
4.755000000000001,-0.19500000000000028,0
4.8050000000000015,-0.19500000000000028,0
4.855,-0.19500000000000028,0
4.905000000000001,-0.19500000000000028,0
4.955,-0.19500000000000028,0
5.005000000000001,-0.19500000000000028,0
5.0550000000000015,-0.19500000000000028,0
5.105,-0.19500000000000028,0
5.155000000000001,-0.19500000000000028,0
5.205,-0.19500000000000028,0
5.255000000000001,-0.19500000000000028,0
5.3050000000000015,-0.19500000000000028,0
5.355,-0.19500000000000028,0
5.405000000000001,-0.19500000000000028,0
5.455,-0.19500000000000028,0
5.505000000000001,-0.19500000000000028,0
5.5550000000000015,-0.19500000000000028,0
5.605,-0.19500000000000028,0
5.655000000000001,-0.19500000000000028,0
5.705,-0.19500000000000028,0
5.755000000000001,-0.19500000000000028,0
5.8050000000000015,-0.19500000000000028,0
5.855,-0.19500000000000028,0
5.905000000000001,-0.19500000000000028,0
5.955,-0.19500000000000028,0
6.005000000000001,-0.19500000000000028,0
6.0550000000000015,-0.19500000000000028,0
6.105,-0.19500000000000028,0
6.155000000000001,-0.19500000000000028,0
6.205,-0.19500000000000028,0
6.255000000000001,-0.19500000000000028,0
6.3050000000000015,-0.19500000000000028,0
-5.895,-0.245000000000001,0
-5.845,-0.245000000000001,0
-2.5949999999999998,-0.245000000000001,0
-1.5949999999999998,-0.245000000000001,0
5.405000000000001,-0.245000000000001,0
5.505000000000001,-0.245000000000001,0
5.605,-0.245000000000001,0
5.755000000000001,-0.245000000000001,0
5.855,-0.245000000000001,0
5.905000000000001,-0.245000000000001,0
6.005000000000001,-0.245000000000001,0
6.0550000000000015,-0.245000000000001,0
6.155000000000001,-0.245000000000001,0
6.205,-0.245000000000001,0
6.3050000000000015,-0.245000000000001,0
-5.895,-0.29499999999999993,0
-5.845,-0.29499999999999993,0
-2.5949999999999998,-0.29499999999999993,0
-1.5949999999999998,-0.29499999999999993,0
-5.895,-0.34500000000000064,0
-5.845,-0.34500000000000064,0
-2.5949999999999998,-0.34500000000000064,0
-1.5949999999999998,-0.34500000000000064,0
-5.895,-0.3949999999999996,0
-5.845,-0.3949999999999996,0
-2.5949999999999998,-0.3949999999999996,0
-1.5949999999999998,-0.3949999999999996,0
-5.895,-0.4450000000000003,0
-5.845,-0.4450000000000003,0
-2.5949999999999998,-0.4450000000000003,0
-1.5949999999999998,-0.4450000000000003,0
-5.895,-0.495000000000001,0
-5.845,-0.495000000000001,0
-2.5949999999999998,-0.495000000000001,0
-1.5949999999999998,-0.495000000000001,0
-5.895,-0.5449999999999999,0
-5.845,-0.5449999999999999,0
-2.5949999999999998,-0.5449999999999999,0
-1.5949999999999998,-0.5449999999999999,0
-5.895,-0.5950000000000006,0
-5.845,-0.5950000000000006,0
-2.5949999999999998,-0.5950000000000006,0
-1.5949999999999998,-0.5950000000000006,0
-5.895,-0.6449999999999996,0
-5.845,-0.6449999999999996,0
-2.5949999999999998,-0.6449999999999996,0
-1.5949999999999998,-0.6449999999999996,0
-5.895,-0.6950000000000003,0
-5.845,-0.6950000000000003,0
-2.5949999999999998,-0.6950000000000003,0
-1.5949999999999998,-0.6950000000000003,0
-5.895,-0.745000000000001,0
-5.845,-0.745000000000001,0
-2.5949999999999998,-0.745000000000001,0
-1.5949999999999998,-0.745000000000001,0
-5.895,-0.7949999999999999,0
-2.5949999999999998,-0.7949999999999999,0
-1.5949999999999998,-0.7949999999999999,0
-5.895,-0.8450000000000006,0
-5.845,-0.8450000000000006,0
-2.5949999999999998,-0.8450000000000006,0
-1.5949999999999998,-0.8450000000000006,0
-5.895,-0.8949999999999996,0
-2.5949999999999998,-0.8949999999999996,0
-1.5949999999999998,-0.8949999999999996,0
-5.895,-0.9450000000000003,0
-2.5949999999999998,-0.9450000000000003,0
-1.5949999999999998,-0.9450000000000003,0
-5.895,-0.995000000000001,0
-2.5949999999999998,-0.995000000000001,0
-1.5949999999999998,-0.995000000000001,0
-5.895,-1.045,0
-2.5949999999999998,-1.045,0
-1.5949999999999998,-1.045,0
-5.895,-1.0950000000000006,0
-2.5949999999999998,-1.0950000000000006,0
-1.5949999999999998,-1.0950000000000006,0
-5.895,-1.1449999999999996,0
-2.5949999999999998,-1.1449999999999996,0
-1.5949999999999998,-1.1449999999999996,0
-5.895,-1.1950000000000003,0
-5.845,-1.1950000000000003,0
-2.5949999999999998,-1.1950000000000003,0
-1.5949999999999998,-1.1950000000000003,0
-5.895,-1.245,0
-2.5949999999999998,-1.245,0
-1.5949999999999998,-1.245,0
-5.895,-1.295,0
-2.5949999999999998,-1.295,0
-1.5949999999999998,-1.295,0
-5.895,-1.3450000000000006,0
-2.5949999999999998,-1.3450000000000006,0
-1.5949999999999998,-1.3450000000000006,0
-5.895,-1.3950000000000005,0
-2.5949999999999998,-1.3950000000000005,0
-1.5949999999999998,-1.3950000000000005,0
-5.895,-1.4450000000000003,0
-2.5949999999999998,-1.4450000000000003,0
-1.5949999999999998,-1.4450000000000003,0
-5.895,-1.495,0
-2.5949999999999998,-1.495,0
-1.5949999999999998,-1.495,0
-5.895,-1.545,0
-2.5949999999999998,-1.545,0
-1.5949999999999998,-1.545,0
-5.895,-1.5950000000000006,0
-2.5949999999999998,-1.5950000000000006,0
-1.5949999999999998,-1.5950000000000006,0
-5.895,-1.6450000000000005,0
-2.5949999999999998,-1.6450000000000005,0
-1.5949999999999998,-1.6450000000000005,0
-5.895,-1.6950000000000003,0
-2.5949999999999998,-1.6950000000000003,0
-1.5949999999999998,-1.6950000000000003,0
-5.895,-1.745,0
-2.5949999999999998,-1.745,0
-1.5949999999999998,-1.745,0
-5.895,-1.795,0
-2.5949999999999998,-1.795,0
-1.5949999999999998,-1.795,0
-5.895,-1.8450000000000006,0
-2.5949999999999998,-1.8450000000000006,0
-1.5949999999999998,-1.8450000000000006,0
-5.895,-1.8950000000000005,0
-2.5949999999999998,-1.8950000000000005,0
-1.5949999999999998,-1.8950000000000005,0
-5.895,-1.9450000000000003,0
-2.5949999999999998,-1.9450000000000003,0
-1.5949999999999998,-1.9450000000000003,0
-5.895,-1.995,0
-5.845,-1.995,0
-2.5949999999999998,-1.995,0
-1.5949999999999998,-1.995,0
-5.895,-2.045,0
-2.5949999999999998,-2.045,0
-1.5949999999999998,-2.045,0
-5.895,-2.0950000000000006,0
-2.5949999999999998,-2.0950000000000006,0
-1.5949999999999998,-2.0950000000000006,0
-5.895,-2.1450000000000005,0
-2.5949999999999998,-2.1450000000000005,0
-1.5949999999999998,-2.1450000000000005,0
-5.895,-2.1950000000000003,0
-2.5949999999999998,-2.1950000000000003,0
-1.5949999999999998,-2.1950000000000003,0
-5.895,-2.245,0
-2.5949999999999998,-2.245,0
-1.5949999999999998,-2.245,0
-5.895,-2.295,0
-2.5949999999999998,-2.295,0
-1.5949999999999998,-2.295,0
-5.895,-2.3450000000000006,0
-2.5949999999999998,-2.3450000000000006,0
-1.5949999999999998,-2.3450000000000006,0
6.3050000000000015,-2.3450000000000006,0
-5.895,-2.3950000000000005,0
-2.5949999999999998,-2.3950000000000005,0
-1.5949999999999998,-2.3950000000000005,0
-5.895,-2.4450000000000003,0
-2.5949999999999998,-2.4450000000000003,0
-1.5949999999999998,-2.4450000000000003,0
-5.895,-2.495,0
-2.5949999999999998,-2.495,0
-1.5949999999999998,-2.495,0
6.3050000000000015,-2.495,0
-5.895,-2.545,0
-2.5949999999999998,-2.545,0
-1.5949999999999998,-2.545,0
-5.895,-2.5950000000000006,0
-2.5949999999999998,-2.5950000000000006,0
-1.5949999999999998,-2.5950000000000006,0
-5.895,-2.6450000000000005,0
-2.5949999999999998,-2.6450000000000005,0
-1.5949999999999998,-2.6450000000000005,0
-5.895,-2.6950000000000003,0
-2.5949999999999998,-2.6950000000000003,0
-1.5949999999999998,-2.6950000000000003,0
-5.895,-2.745,0
-2.5949999999999998,-2.745,0
-1.5949999999999998,-2.745,0
-5.895,-2.795,0
-2.5949999999999998,-2.795,0
-1.5949999999999998,-2.795,0
6.3050000000000015,-2.795,0
-5.895,-2.8450000000000006,0
-2.5949999999999998,-2.8450000000000006,0
-1.5949999999999998,-2.8450000000000006,0
6.3050000000000015,-2.8450000000000006,0
-5.895,-2.8950000000000005,0
-2.5949999999999998,-2.8950000000000005,0
-1.5949999999999998,-2.8950000000000005,0
6.3050000000000015,-2.8950000000000005,0
-5.895,-2.9450000000000003,0
-2.5949999999999998,-2.9450000000000003,0
-1.5949999999999998,-2.9450000000000003,0
6.3050000000000015,-2.9450000000000003,0
-5.895,-2.995,0
-2.5949999999999998,-2.995,0
-1.5949999999999998,-2.995,0
6.3050000000000015,-2.995,0
-5.895,-3.045,0
-2.5949999999999998,-3.045,0
-1.5949999999999998,-3.045,0
6.3050000000000015,-3.045,0
-5.895,-3.0950000000000006,0
-2.5949999999999998,-3.0950000000000006,0
-1.5949999999999998,-3.0950000000000006,0
6.3050000000000015,-3.0950000000000006,0
-5.895,-3.1450000000000005,0
-2.5949999999999998,-3.1450000000000005,0
-1.5949999999999998,-3.1450000000000005,0
6.3050000000000015,-3.1450000000000005,0
-5.895,-3.1950000000000003,0
-2.5949999999999998,-3.1950000000000003,0
-1.5949999999999998,-3.1950000000000003,0
6.3050000000000015,-3.1950000000000003,0
-5.895,-3.245,0
-2.5949999999999998,-3.245,0
-1.5949999999999998,-3.245,0
6.3050000000000015,-3.245,0
-5.895,-3.295,0
-2.5949999999999998,-3.295,0
-1.5949999999999998,-3.295,0
6.3050000000000015,-3.295,0
-5.895,-3.3450000000000006,0
-2.5949999999999998,-3.3450000000000006,0
-1.5949999999999998,-3.3450000000000006,0
6.3050000000000015,-3.3450000000000006,0
-5.895,-3.3950000000000005,0
-2.5949999999999998,-3.3950000000000005,0
-1.5949999999999998,-3.3950000000000005,0
6.3050000000000015,-3.3950000000000005,0
-5.895,-3.4450000000000003,0
-2.5949999999999998,-3.4450000000000003,0
-1.5949999999999998,-3.4450000000000003,0
6.3050000000000015,-3.4450000000000003,0
-5.895,-3.495,0
-2.5949999999999998,-3.495,0
-1.5949999999999998,-3.495,0
6.3050000000000015,-3.495,0
-5.895,-3.545,0
-2.5949999999999998,-3.545,0
-1.5949999999999998,-3.545,0
6.3050000000000015,-3.545,0
-5.895,-3.5950000000000006,0
-2.5949999999999998,-3.5950000000000006,0
-1.5949999999999998,-3.5950000000000006,0
6.3050000000000015,-3.5950000000000006,0
-5.895,-3.6450000000000005,0
-2.5949999999999998,-3.6450000000000005,0
-1.5949999999999998,-3.6450000000000005,0
6.3050000000000015,-3.6450000000000005,0
-5.895,-3.6950000000000003,0
-2.5949999999999998,-3.6950000000000003,0
-1.5949999999999998,-3.6950000000000003,0
6.3050000000000015,-3.6950000000000003,0
-5.895,-3.745,0
-2.5949999999999998,-3.745,0
-1.5949999999999998,-3.745,0
6.3050000000000015,-3.745,0
-5.895,-3.795,0
-2.5949999999999998,-3.795,0
-1.5949999999999998,-3.795,0
6.3050000000000015,-3.795,0
-5.895,-3.8450000000000006,0
-2.5949999999999998,-3.8450000000000006,0
-1.5949999999999998,-3.8450000000000006,0
6.3050000000000015,-3.8450000000000006,0
-5.895,-3.8950000000000005,0
-2.5949999999999998,-3.8950000000000005,0
-1.5949999999999998,-3.8950000000000005,0
6.3050000000000015,-3.8950000000000005,0
-5.895,-3.9450000000000003,0
-2.5949999999999998,-3.9450000000000003,0
-1.5949999999999998,-3.9450000000000003,0
6.3050000000000015,-3.9450000000000003,0
-5.895,-3.995,0
-2.5949999999999998,-3.995,0
-1.5949999999999998,-3.995,0
6.3050000000000015,-3.995,0
-5.895,-4.045,0
-2.5949999999999998,-4.045,0
-1.5949999999999998,-4.045,0
6.3050000000000015,-4.045,0
-5.895,-4.095000000000001,0
-2.5949999999999998,-4.095000000000001,0
-1.5949999999999998,-4.095000000000001,0
6.3050000000000015,-4.095000000000001,0
-5.895,-4.1450000000000005,0
-2.5949999999999998,-4.1450000000000005,0
-1.5949999999999998,-4.1450000000000005,0
6.3050000000000015,-4.1450000000000005,0
-5.895,-4.195,0
-2.5949999999999998,-4.195,0
-1.5949999999999998,-4.195,0
6.3050000000000015,-4.195,0
-5.895,-4.245,0
-2.5949999999999998,-4.245,0
-1.5949999999999998,-4.245,0
6.3050000000000015,-4.245,0
-5.895,-4.295,0
-2.5949999999999998,-4.295,0
-1.5949999999999998,-4.295,0
6.3050000000000015,-4.295,0
-5.895,-4.345000000000001,0
-2.5949999999999998,-4.345000000000001,0
-1.5949999999999998,-4.345000000000001,0
6.3050000000000015,-4.345000000000001,0
-5.895,-4.3950000000000005,0
-2.5949999999999998,-4.3950000000000005,0
-1.5949999999999998,-4.3950000000000005,0
6.3050000000000015,-4.3950000000000005,0
-5.895,-4.445,0
-2.5949999999999998,-4.445,0
-1.5949999999999998,-4.445,0
6.3050000000000015,-4.445,0
-5.895,-4.495,0
-2.5949999999999998,-4.495,0
-1.5949999999999998,-4.495,0
6.3050000000000015,-4.495,0
-5.895,-4.545000000000001,0
-2.5949999999999998,-4.545000000000001,0
-1.5949999999999998,-4.545000000000001,0
6.3050000000000015,-4.545000000000001,0
-5.895,-4.595000000000001,0
-2.5949999999999998,-4.595000000000001,0
-1.5949999999999998,-4.595000000000001,0
6.3050000000000015,-4.595000000000001,0
-5.895,-4.6450000000000005,0
-2.5949999999999998,-4.6450000000000005,0
-1.5949999999999998,-4.6450000000000005,0
6.3050000000000015,-4.6450000000000005,0
-5.895,-4.695,0
-2.5949999999999998,-4.695,0
-1.5949999999999998,-4.695,0
6.3050000000000015,-4.695,0
-5.895,-4.745,0
-2.5949999999999998,-4.745,0
-1.5949999999999998,-4.745,0
6.3050000000000015,-4.745,0
-5.895,-4.795000000000001,0
-2.5949999999999998,-4.795000000000001,0
-1.5949999999999998,-4.795000000000001,0
6.3050000000000015,-4.795000000000001,0
-5.895,-4.845000000000001,0
-2.5949999999999998,-4.845000000000001,0
-1.5949999999999998,-4.845000000000001,0
6.3050000000000015,-4.845000000000001,0
-5.895,-4.8950000000000005,0
-2.5949999999999998,-4.8950000000000005,0
-1.5949999999999998,-4.8950000000000005,0
6.3050000000000015,-4.8950000000000005,0
-5.895,-4.945,0
-2.5949999999999998,-4.945,0
-1.5949999999999998,-4.945,0
6.3050000000000015,-4.945,0
-5.895,-4.995,0
-2.5949999999999998,-4.995,0
-1.5949999999999998,-4.995,0
6.3050000000000015,-4.995,0
-5.895,-5.045000000000001,0
-2.5949999999999998,-5.045000000000001,0
-1.5949999999999998,-5.045000000000001,0
6.3050000000000015,-5.045000000000001,0
-5.895,-5.095000000000001,0
-2.5949999999999998,-5.095000000000001,0
-1.5949999999999998,-5.095000000000001,0
6.3050000000000015,-5.095000000000001,0
-5.895,-5.1450000000000005,0
-2.5949999999999998,-5.1450000000000005,0
-1.5949999999999998,-5.1450000000000005,0
-1.545,-5.1450000000000005,0
-1.495,-5.1450000000000005,0
-1.4449999999999994,-5.1450000000000005,0
-1.3949999999999996,-5.1450000000000005,0
-1.3449999999999998,-5.1450000000000005,0
-1.295,-5.1450000000000005,0
-1.245,-5.1450000000000005,0
-1.1949999999999994,-5.1450000000000005,0
-1.1449999999999996,-5.1450000000000005,0
-1.0949999999999998,-5.1450000000000005,0
-1.045,-5.1450000000000005,0
-0.9949999999999992,-5.1450000000000005,0
-0.9449999999999994,-5.1450000000000005,0
-0.8949999999999996,-5.1450000000000005,0
-0.8449999999999998,-5.1450000000000005,0
-0.7949999999999999,-5.1450000000000005,0
-0.7449999999999992,-5.1450000000000005,0
-0.6949999999999994,-5.1450000000000005,0
-0.6449999999999996,-5.1450000000000005,0
-0.5949999999999998,-5.1450000000000005,0
-0.5449999999999999,-5.1450000000000005,0
-0.4949999999999992,-5.1450000000000005,0
-0.4449999999999994,-5.1450000000000005,0
-0.3949999999999996,-5.1450000000000005,0
-0.34499999999999975,-5.1450000000000005,0
-0.29499999999999993,-5.1450000000000005,0
-0.24499999999999922,-5.1450000000000005,0
-0.1949999999999994,-5.1450000000000005,0
-0.14499999999999957,-5.1450000000000005,0
-0.09499999999999975,-5.1450000000000005,0
-0.04499999999999993,-5.1450000000000005,0
0.005000000000000782,-5.1450000000000005,0
0.055000000000000604,-5.1450000000000005,0
0.10500000000000043,-5.1450000000000005,0
0.15500000000000025,-5.1450000000000005,0
0.20500000000000007,-5.1450000000000005,0
0.5050000000000008,-5.1450000000000005,0
0.6550000000000002,-5.1450000000000005,0
1.8550000000000004,-5.1450000000000005,0
1.9050000000000002,-5.1450000000000005,0
6.3050000000000015,-5.1450000000000005,0
-5.895,-5.195,0
-2.5949999999999998,-5.195,0
-1.5949999999999998,-5.195,0
-1.545,-5.195,0
-1.495,-5.195,0
-1.4449999999999994,-5.195,0
-1.3949999999999996,-5.195,0
-1.3449999999999998,-5.195,0
-1.295,-5.195,0
-1.245,-5.195,0
-1.1949999999999994,-5.195,0
-1.1449999999999996,-5.195,0
-1.0949999999999998,-5.195,0
-1.045,-5.195,0
-0.9949999999999992,-5.195,0
-0.9449999999999994,-5.195,0
-0.8949999999999996,-5.195,0
-0.8449999999999998,-5.195,0
-0.7949999999999999,-5.195,0
-0.7449999999999992,-5.195,0
-0.6949999999999994,-5.195,0
-0.6449999999999996,-5.195,0
-0.5949999999999998,-5.195,0
-0.5449999999999999,-5.195,0
-0.4949999999999992,-5.195,0
-0.4449999999999994,-5.195,0
-0.3949999999999996,-5.195,0
-0.34499999999999975,-5.195,0
-0.29499999999999993,-5.195,0
-0.24499999999999922,-5.195,0
-0.1949999999999994,-5.195,0
-0.14499999999999957,-5.195,0
-0.09499999999999975,-5.195,0
-0.04499999999999993,-5.195,0
0.005000000000000782,-5.195,0
0.055000000000000604,-5.195,0
0.10500000000000043,-5.195,0
0.15500000000000025,-5.195,0
0.20500000000000007,-5.195,0
0.2550000000000008,-5.195,0
0.3050000000000006,-5.195,0
0.3550000000000004,-5.195,0
0.40500000000000025,-5.195,0
0.45500000000000007,-5.195,0
0.5050000000000008,-5.195,0
0.5550000000000006,-5.195,0
0.6050000000000004,-5.195,0
0.6550000000000002,-5.195,0
0.7050000000000001,-5.195,0
0.7550000000000008,-5.195,0
0.8050000000000006,-5.195,0
0.8550000000000004,-5.195,0
0.9050000000000002,-5.195,0
0.9550000000000001,-5.195,0
1.0050000000000008,-5.195,0
1.0550000000000006,-5.195,0
1.1050000000000004,-5.195,0
1.1550000000000002,-5.195,0
1.205,-5.195,0
1.2550000000000008,-5.195,0
1.3050000000000006,-5.195,0
1.3550000000000004,-5.195,0
1.4050000000000002,-5.195,0
1.455,-5.195,0
1.5050000000000008,-5.195,0
1.5550000000000006,-5.195,0
1.6050000000000004,-5.195,0
1.6550000000000002,-5.195,0
1.705,-5.195,0
1.7550000000000008,-5.195,0
1.8050000000000006,-5.195,0
1.8550000000000004,-5.195,0
1.9050000000000002,-5.195,0
1.955,-5.195,0
2.005000000000001,-5.195,0
2.0550000000000006,-5.195,0
6.3050000000000015,-5.195,0
-5.895,-5.245000000000001,0
-2.5949999999999998,-5.245000000000001,0
2.0550000000000006,-5.245000000000001,0
2.1050000000000004,-5.245000000000001,0
2.155000000000001,-5.245000000000001,0
2.205,-5.245000000000001,0
2.255000000000001,-5.245000000000001,0
6.3050000000000015,-5.245000000000001,0
-5.895,-5.295,0
-2.5949999999999998,-5.295,0
2.255000000000001,-5.295,0
2.3049999999999997,-5.295,0
2.3550000000000004,-5.295,0
2.405000000000001,-5.295,0
2.455,-5.295,0
6.3050000000000015,-5.295,0
-5.895,-5.345000000000001,0
-2.5949999999999998,-5.345000000000001,0
2.455,-5.345000000000001,0
2.505000000000001,-5.345000000000001,0
2.5549999999999997,-5.345000000000001,0
6.3050000000000015,-5.345000000000001,0
-5.895,-5.3950000000000005,0
-2.5949999999999998,-5.3950000000000005,0
2.5549999999999997,-5.3950000000000005,0
6.3050000000000015,-5.3950000000000005,0
-5.895,-5.445,0
-2.5949999999999998,-5.445,0
2.5549999999999997,-5.445,0
6.3050000000000015,-5.445,0
-5.895,-5.495000000000001,0
-2.5949999999999998,-5.495000000000001,0
2.5549999999999997,-5.495000000000001,0
6.3050000000000015,-5.495000000000001,0
-5.895,-5.545,0
-2.5949999999999998,-5.545,0
2.5549999999999997,-5.545,0
6.3050000000000015,-5.545,0
-5.895,-5.595000000000001,0
-2.5949999999999998,-5.595000000000001,0
2.5549999999999997,-5.595000000000001,0
6.3050000000000015,-5.595000000000001,0
-5.895,-5.6450000000000005,0
-2.5949999999999998,-5.6450000000000005,0
2.5549999999999997,-5.6450000000000005,0
6.3050000000000015,-5.6450000000000005,0
-5.895,-5.695,0
-2.5949999999999998,-5.695,0
2.5549999999999997,-5.695,0
6.3050000000000015,-5.695,0
-5.895,-5.745000000000001,0
-2.5949999999999998,-5.745000000000001,0
2.5549999999999997,-5.745000000000001,0
2.6050000000000004,-5.745000000000001,0
6.3050000000000015,-5.745000000000001,0
-5.895,-5.795,0
-2.5949999999999998,-5.795,0
2.5549999999999997,-5.795,0
6.3050000000000015,-5.795,0
-5.895,-5.845000000000001,0
-2.5949999999999998,-5.845000000000001,0
2.505000000000001,-5.845000000000001,0
2.5549999999999997,-5.845000000000001,0
6.3050000000000015,-5.845000000000001,0
-5.895,-5.8950000000000005,0
-2.5949999999999998,-5.8950000000000005,0
2.3550000000000004,-5.8950000000000005,0
2.405000000000001,-5.8950000000000005,0
2.455,-5.8950000000000005,0
2.505000000000001,-5.8950000000000005,0
6.3050000000000015,-5.8950000000000005,0
-5.895,-5.945,0
-2.5949999999999998,-5.945,0
2.205,-5.945,0
2.255000000000001,-5.945,0
2.3049999999999997,-5.945,0
2.3550000000000004,-5.945,0
2.405000000000001,-5.945,0
6.3050000000000015,-5.945,0
-5.895,-5.995000000000001,0
-2.5949999999999998,-5.995000000000001,0
2.005000000000001,-5.995000000000001,0
2.0550000000000006,-5.995000000000001,0
2.1050000000000004,-5.995000000000001,0
2.155000000000001,-5.995000000000001,0
2.205,-5.995000000000001,0
6.3050000000000015,-5.995000000000001,0
-5.895,-6.045,0
-2.5949999999999998,-6.045,0
-2.545,-6.045,0
-2.4949999999999997,-6.045,0
-2.445,-6.045,0
-2.3949999999999996,-6.045,0
-2.3449999999999998,-6.045,0
-2.295,-6.045,0
-2.2449999999999997,-6.045,0
-2.195,-6.045,0
-2.1449999999999996,-6.045,0
-2.0949999999999998,-6.045,0
-2.045,-6.045,0
-1.9949999999999997,-6.045,0
-1.9449999999999998,-6.045,0
-1.8949999999999996,-6.045,0
-1.8449999999999998,-6.045,0
-1.795,-6.045,0
-1.745,-6.045,0
-1.6949999999999994,-6.045,0
-1.6449999999999996,-6.045,0
-1.5949999999999998,-6.045,0
-1.545,-6.045,0
-1.495,-6.045,0
-1.4449999999999994,-6.045,0
-1.3949999999999996,-6.045,0
-1.3449999999999998,-6.045,0
-1.295,-6.045,0
-1.245,-6.045,0
-1.1949999999999994,-6.045,0
-1.1449999999999996,-6.045,0
-1.0949999999999998,-6.045,0
-1.045,-6.045,0
-0.9949999999999992,-6.045,0
-0.9449999999999994,-6.045,0
-0.8949999999999996,-6.045,0
-0.8449999999999998,-6.045,0
-0.7949999999999999,-6.045,0
-0.7449999999999992,-6.045,0
-0.6949999999999994,-6.045,0
-0.6449999999999996,-6.045,0
-0.5949999999999998,-6.045,0
-0.5449999999999999,-6.045,0
-0.4949999999999992,-6.045,0
-0.4449999999999994,-6.045,0
-0.3949999999999996,-6.045,0
-0.34499999999999975,-6.045,0
-0.29499999999999993,-6.045,0
-0.24499999999999922,-6.045,0
-0.1949999999999994,-6.045,0
-0.14499999999999957,-6.045,0
-0.09499999999999975,-6.045,0
-0.04499999999999993,-6.045,0
0.005000000000000782,-6.045,0
0.055000000000000604,-6.045,0
0.10500000000000043,-6.045,0
0.15500000000000025,-6.045,0
0.20500000000000007,-6.045,0
0.2550000000000008,-6.045,0
0.3050000000000006,-6.045,0
0.3550000000000004,-6.045,0
0.40500000000000025,-6.045,0
0.45500000000000007,-6.045,0
0.5050000000000008,-6.045,0
0.5550000000000006,-6.045,0
0.6050000000000004,-6.045,0
0.6550000000000002,-6.045,0
0.7050000000000001,-6.045,0
0.7550000000000008,-6.045,0
0.8050000000000006,-6.045,0
0.8550000000000004,-6.045,0
0.9050000000000002,-6.045,0
0.9550000000000001,-6.045,0
1.0050000000000008,-6.045,0
1.0550000000000006,-6.045,0
1.1050000000000004,-6.045,0
1.1550000000000002,-6.045,0
1.205,-6.045,0
1.2550000000000008,-6.045,0
1.3050000000000006,-6.045,0
1.3550000000000004,-6.045,0
1.4050000000000002,-6.045,0
1.455,-6.045,0
1.5050000000000008,-6.045,0
1.5550000000000006,-6.045,0
1.6050000000000004,-6.045,0
1.6550000000000002,-6.045,0
1.705,-6.045,0
1.7550000000000008,-6.045,0
1.8050000000000006,-6.045,0
1.8550000000000004,-6.045,0
1.9050000000000002,-6.045,0
1.955,-6.045,0
2.005000000000001,-6.045,0
6.3050000000000015,-6.045,0
-5.895,-6.095000000000001,0
1.8050000000000006,-6.095000000000001,0
6.3050000000000015,-6.095000000000001,0
-5.895,-6.1450000000000005,0
6.3050000000000015,-6.1450000000000005,0
-5.895,-6.195,0
6.3050000000000015,-6.195,0
-5.895,-6.245000000000001,0
6.3050000000000015,-6.245000000000001,0
-5.895,-6.295,0
6.3050000000000015,-6.295,0
-5.895,-6.345000000000001,0
6.3050000000000015,-6.345000000000001,0
-5.895,-6.3950000000000005,0
6.3050000000000015,-6.3950000000000005,0
-5.895,-6.445,0
6.3050000000000015,-6.445,0
-5.895,-6.495000000000001,0
6.3050000000000015,-6.495000000000001,0
-5.895,-6.545,0
6.3050000000000015,-6.545,0
-5.895,-6.595000000000001,0
6.3050000000000015,-6.595000000000001,0
-5.895,-6.6450000000000005,0
6.3050000000000015,-6.6450000000000005,0
-5.895,-6.695,0
6.3050000000000015,-6.695,0
-5.895,-6.745000000000001,0
6.3050000000000015,-6.745000000000001,0
-5.895,-6.795,0
6.3050000000000015,-6.795,0
-5.895,-6.845000000000001,0
6.3050000000000015,-6.845000000000001,0
-5.895,-6.8950000000000005,0
6.3050000000000015,-6.8950000000000005,0
-5.895,-6.945,0
6.3050000000000015,-6.945,0
-5.895,-6.995000000000001,0
6.3050000000000015,-6.995000000000001,0
-5.895,-7.045,0
6.3050000000000015,-7.045,0
-5.895,-7.095000000000001,0
6.3050000000000015,-7.095000000000001,0
-5.895,-7.1450000000000005,0
6.3050000000000015,-7.1450000000000005,0
-5.895,-7.195,0
6.3050000000000015,-7.195,0
-5.895,-7.245000000000001,0
6.3050000000000015,-7.245000000000001,0
-5.895,-7.295000000000001,0
6.3050000000000015,-7.295000000000001,0
-5.895,-7.345000000000001,0
6.3050000000000015,-7.345000000000001,0
-5.895,-7.3950000000000005,0
6.3050000000000015,-7.3950000000000005,0
-5.895,-7.445,0
6.3050000000000015,-7.445,0
-5.895,-7.495000000000001,0
6.3050000000000015,-7.495000000000001,0
-5.895,-7.545000000000001,0
6.3050000000000015,-7.545000000000001,0
-5.895,-7.595000000000001,0
6.3050000000000015,-7.595000000000001,0
-5.895,-7.6450000000000005,0
6.3050000000000015,-7.6450000000000005,0
-5.895,-7.695,0
6.3050000000000015,-7.695,0
-5.895,-7.745000000000001,0
6.3050000000000015,-7.745000000000001,0
-5.895,-7.795000000000001,0
6.3050000000000015,-7.795000000000001,0
-5.895,-7.845000000000001,0
6.3050000000000015,-7.845000000000001,0
-5.895,-7.8950000000000005,0
6.3050000000000015,-7.8950000000000005,0
-5.895,-7.945,0
6.3050000000000015,-7.945,0
-5.895,-7.995000000000001,0
6.3050000000000015,-7.995000000000001,0
-5.895,-8.045,0
6.3050000000000015,-8.045,0
-5.895,-8.095,0
6.3050000000000015,-8.095,0
-5.895,-8.145000000000001,0
6.3050000000000015,-8.145000000000001,0
-5.895,-8.195,0
6.3050000000000015,-8.195,0
-5.895,-8.245000000000001,0
6.3050000000000015,-8.245000000000001,0
-5.895,-8.295,0
6.3050000000000015,-8.295,0
-5.895,-8.345,0
6.3050000000000015,-8.345,0
-5.895,-8.395000000000001,0
6.3050000000000015,-8.395000000000001,0
-5.895,-8.445,0
6.3050000000000015,-8.445,0
-5.895,-8.495000000000001,0
6.3050000000000015,-8.495000000000001,0
-5.895,-8.545,0
6.3050000000000015,-8.545,0
-5.895,-8.595,0
6.3050000000000015,-8.595,0
-5.895,-8.645000000000001,0
6.3050000000000015,-8.645000000000001,0
-5.895,-8.695,0
6.3050000000000015,-8.695,0
-5.895,-8.745000000000001,0
6.3050000000000015,-8.745000000000001,0
-5.895,-8.795,0
6.3050000000000015,-8.795,0
-5.895,-8.845,0
6.3050000000000015,-8.845,0
-5.895,-8.895000000000001,0
6.3050000000000015,-8.895000000000001,0
-5.895,-8.945,0
6.3050000000000015,-8.945,0
-5.895,-8.995000000000001,0
6.3050000000000015,-8.995000000000001,0
-5.895,-9.045,0
6.3050000000000015,-9.045,0
-5.895,-9.095,0
6.3050000000000015,-9.095,0
-5.895,-9.145000000000001,0
-5.845,-9.145000000000001,0
-5.795,-9.145000000000001,0
-5.745,-9.145000000000001,0
-5.695,-9.145000000000001,0
-5.645,-9.145000000000001,0
-5.595,-9.145000000000001,0
-5.545,-9.145000000000001,0
-5.495,-9.145000000000001,0
-5.445,-9.145000000000001,0
-5.395,-9.145000000000001,0
-5.345,-9.145000000000001,0
-5.295,-9.145000000000001,0
-5.245,-9.145000000000001,0
-5.195,-9.145000000000001,0
-5.145,-9.145000000000001,0
-5.095,-9.145000000000001,0
-5.045,-9.145000000000001,0
-4.995,-9.145000000000001,0
-4.945,-9.145000000000001,0
-4.895,-9.145000000000001,0
-4.845,-9.145000000000001,0
-4.795,-9.145000000000001,0
-4.745,-9.145000000000001,0
-4.695,-9.145000000000001,0
-4.645,-9.145000000000001,0
-4.595,-9.145000000000001,0
-4.545,-9.145000000000001,0
-4.495,-9.145000000000001,0
-4.445,-9.145000000000001,0
-4.395,-9.145000000000001,0
-4.345,-9.145000000000001,0
-4.295,-9.145000000000001,0
-4.245,-9.145000000000001,0
-4.195,-9.145000000000001,0
-4.145,-9.145000000000001,0
-4.095,-9.145000000000001,0
-4.045,-9.145000000000001,0
-3.995,-9.145000000000001,0
-3.945,-9.145000000000001,0
-3.895,-9.145000000000001,0
-3.8449999999999998,-9.145000000000001,0
-3.795,-9.145000000000001,0
-3.7449999999999997,-9.145000000000001,0
-3.695,-9.145000000000001,0
-3.645,-9.145000000000001,0
-3.5949999999999998,-9.145000000000001,0
-3.545,-9.145000000000001,0
-3.4949999999999997,-9.145000000000001,0
-3.445,-9.145000000000001,0
-3.3949999999999996,-9.145000000000001,0
-3.3449999999999998,-9.145000000000001,0
-3.295,-9.145000000000001,0
-3.2449999999999997,-9.145000000000001,0
-3.195,-9.145000000000001,0
-3.1449999999999996,-9.145000000000001,0
-3.0949999999999998,-9.145000000000001,0
-3.045,-9.145000000000001,0
-2.9949999999999997,-9.145000000000001,0
-2.945,-9.145000000000001,0
-2.8949999999999996,-9.145000000000001,0
-2.8449999999999998,-9.145000000000001,0
-2.795,-9.145000000000001,0
-2.7449999999999997,-9.145000000000001,0
-2.695,-9.145000000000001,0
-2.6449999999999996,-9.145000000000001,0
-2.5949999999999998,-9.145000000000001,0
-2.545,-9.145000000000001,0
-2.4949999999999997,-9.145000000000001,0
-2.445,-9.145000000000001,0
-2.3949999999999996,-9.145000000000001,0
-2.3449999999999998,-9.145000000000001,0
-2.295,-9.145000000000001,0
-2.2449999999999997,-9.145000000000001,0
-2.195,-9.145000000000001,0
-2.1449999999999996,-9.145000000000001,0
-2.0949999999999998,-9.145000000000001,0
-2.045,-9.145000000000001,0
-1.9949999999999997,-9.145000000000001,0
-1.9449999999999998,-9.145000000000001,0
-1.8949999999999996,-9.145000000000001,0
-1.8449999999999998,-9.145000000000001,0
-1.795,-9.145000000000001,0
-1.745,-9.145000000000001,0
-1.6949999999999994,-9.145000000000001,0
-1.6449999999999996,-9.145000000000001,0
-1.5949999999999998,-9.145000000000001,0
-1.545,-9.145000000000001,0
-1.495,-9.145000000000001,0
-1.4449999999999994,-9.145000000000001,0
-1.3949999999999996,-9.145000000000001,0
-1.3449999999999998,-9.145000000000001,0
-1.295,-9.145000000000001,0
-1.245,-9.145000000000001,0
-1.1949999999999994,-9.145000000000001,0
-1.1449999999999996,-9.145000000000001,0
-1.0949999999999998,-9.145000000000001,0
-1.045,-9.145000000000001,0
-0.9949999999999992,-9.145000000000001,0
-0.9449999999999994,-9.145000000000001,0
-0.8949999999999996,-9.145000000000001,0
-0.8449999999999998,-9.145000000000001,0
-0.7949999999999999,-9.145000000000001,0
-0.7449999999999992,-9.145000000000001,0
-0.6949999999999994,-9.145000000000001,0
-0.6449999999999996,-9.145000000000001,0
-0.5949999999999998,-9.145000000000001,0
-0.5449999999999999,-9.145000000000001,0
-0.4949999999999992,-9.145000000000001,0
-0.4449999999999994,-9.145000000000001,0
-0.3949999999999996,-9.145000000000001,0
-0.34499999999999975,-9.145000000000001,0
-0.29499999999999993,-9.145000000000001,0
-0.24499999999999922,-9.145000000000001,0
-0.1949999999999994,-9.145000000000001,0
-0.14499999999999957,-9.145000000000001,0
-0.09499999999999975,-9.145000000000001,0
-0.04499999999999993,-9.145000000000001,0
0.005000000000000782,-9.145000000000001,0
0.055000000000000604,-9.145000000000001,0
0.10500000000000043,-9.145000000000001,0
0.15500000000000025,-9.145000000000001,0
0.20500000000000007,-9.145000000000001,0
0.2550000000000008,-9.145000000000001,0
0.3050000000000006,-9.145000000000001,0
0.3550000000000004,-9.145000000000001,0
0.40500000000000025,-9.145000000000001,0
0.45500000000000007,-9.145000000000001,0
0.5050000000000008,-9.145000000000001,0
0.5550000000000006,-9.145000000000001,0
0.6050000000000004,-9.145000000000001,0
0.6550000000000002,-9.145000000000001,0
0.7050000000000001,-9.145000000000001,0
0.7550000000000008,-9.145000000000001,0
0.8050000000000006,-9.145000000000001,0
0.8550000000000004,-9.145000000000001,0
0.9050000000000002,-9.145000000000001,0
0.9550000000000001,-9.145000000000001,0
1.0050000000000008,-9.145000000000001,0
1.0550000000000006,-9.145000000000001,0
1.1050000000000004,-9.145000000000001,0
1.1550000000000002,-9.145000000000001,0
1.205,-9.145000000000001,0
1.2550000000000008,-9.145000000000001,0
1.3050000000000006,-9.145000000000001,0
1.3550000000000004,-9.145000000000001,0
1.4050000000000002,-9.145000000000001,0
1.455,-9.145000000000001,0
1.5050000000000008,-9.145000000000001,0
1.5550000000000006,-9.145000000000001,0
1.6050000000000004,-9.145000000000001,0
1.6550000000000002,-9.145000000000001,0
1.705,-9.145000000000001,0
1.7550000000000008,-9.145000000000001,0
1.8050000000000006,-9.145000000000001,0
1.8550000000000004,-9.145000000000001,0
1.955,-9.145000000000001,0
2.005000000000001,-9.145000000000001,0
2.0550000000000006,-9.145000000000001,0
2.1050000000000004,-9.145000000000001,0
2.155000000000001,-9.145000000000001,0
2.205,-9.145000000000001,0
2.255000000000001,-9.145000000000001,0
2.3049999999999997,-9.145000000000001,0
2.405000000000001,-9.145000000000001,0
2.455,-9.145000000000001,0
2.505000000000001,-9.145000000000001,0
2.6050000000000004,-9.145000000000001,0
2.705,-9.145000000000001,0
2.8550000000000004,-9.145000000000001,0
2.905000000000001,-9.145000000000001,0
3.0549999999999997,-9.145000000000001,0
3.155000000000001,-9.145000000000001,0
3.255000000000001,-9.145000000000001,0
3.3049999999999997,-9.145000000000001,0
3.3550000000000004,-9.145000000000001,0
4.505000000000001,-9.145000000000001,0
4.705,-9.145000000000001,0
5.155000000000001,-9.145000000000001,0
6.155000000000001,-9.145000000000001,0
6.3050000000000015,-9.145000000000001,0
-4.495,-9.195,0
-4.345,-9.195,0
-3.995,-9.195,0
-3.8449999999999998,-9.195,0
-3.695,-9.195,0
-3.195,-9.195,0
-2.9949999999999997,-9.195,0
-2.5949999999999998,-9.195,0
-2.3949999999999996,-9.195,0
-2.1449999999999996,-9.195,0
1.3050000000000006,-9.195,0
1.3550000000000004,-9.195,0
1.4050000000000002,-9.195,0
1.455,-9.195,0
1.5050000000000008,-9.195,0
1.5550000000000006,-9.195,0
1.6050000000000004,-9.195,0
1.6550000000000002,-9.195,0
1.705,-9.195,0
1.7550000000000008,-9.195,0
1.8050000000000006,-9.195,0
1.8550000000000004,-9.195,0
1.9050000000000002,-9.195,0
1.955,-9.195,0
2.005000000000001,-9.195,0
2.0550000000000006,-9.195,0
2.1050000000000004,-9.195,0
2.155000000000001,-9.195,0
2.205,-9.195,0
2.255000000000001,-9.195,0
2.3049999999999997,-9.195,0
2.3550000000000004,-9.195,0
2.405000000000001,-9.195,0
2.455,-9.195,0
2.505000000000001,-9.195,0
2.5549999999999997,-9.195,0
2.6050000000000004,-9.195,0
2.655000000000001,-9.195,0
2.705,-9.195,0
2.755000000000001,-9.195,0
2.8049999999999997,-9.195,0
2.8550000000000004,-9.195,0
2.905000000000001,-9.195,0
2.955,-9.195,0
3.005000000000001,-9.195,0
3.0549999999999997,-9.195,0
3.1050000000000004,-9.195,0
3.155000000000001,-9.195,0
3.205,-9.195,0
3.255000000000001,-9.195,0
3.3049999999999997,-9.195,0
3.3550000000000004,-9.195,0
3.405000000000001,-9.195,0
3.455,-9.195,0
3.505000000000001,-9.195,0
3.5549999999999997,-9.195,0
3.6050000000000004,-9.195,0
3.655000000000001,-9.195,0
3.705,-9.195,0
3.755000000000001,-9.195,0
3.8050000000000015,-9.195,0
3.8550000000000004,-9.195,0
3.905000000000001,-9.195,0
3.955,-9.195,0
4.005000000000001,-9.195,0
4.0550000000000015,-9.195,0
4.105,-9.195,0
4.155000000000001,-9.195,0
4.205,-9.195,0
4.255000000000001,-9.195,0
4.3050000000000015,-9.195,0
4.355,-9.195,0
4.405000000000001,-9.195,0
4.455,-9.195,0
4.505000000000001,-9.195,0
4.5550000000000015,-9.195,0
4.605,-9.195,0
4.655000000000001,-9.195,0
4.705,-9.195,0
4.755000000000001,-9.195,0
4.8050000000000015,-9.195,0
4.855,-9.195,0
4.905000000000001,-9.195,0
4.955,-9.195,0
5.005000000000001,-9.195,0
5.0550000000000015,-9.195,0
5.105,-9.195,0
5.155000000000001,-9.195,0
5.205,-9.195,0
5.255000000000001,-9.195,0
5.3050000000000015,-9.195,0
5.355,-9.195,0
5.405000000000001,-9.195,0
5.455,-9.195,0
5.505000000000001,-9.195,0
5.5550000000000015,-9.195,0
5.605,-9.195,0
5.655000000000001,-9.195,0
5.705,-9.195,0
5.755000000000001,-9.195,0
5.8050000000000015,-9.195,0
5.855,-9.195,0
5.905000000000001,-9.195,0
5.955,-9.195,0
6.005000000000001,-9.195,0
6.0550000000000015,-9.195,0
6.105,-9.195,0
6.155000000000001,-9.195,0
6.205,-9.195,0
6.255000000000001,-9.195,0
6.3050000000000015,-9.195,0
6.3050000000000015,3.4049999999999994,0
6.3050000000000015,2.955,0
6.3050000000000015,2.505000000000001,0
-5.495,7.505000000000001,0
-4.945,7.505000000000001,0
-4.395,7.505000000000001,0
6.3050000000000015,2.0549999999999997,0
6.3050000000000015,1.6050000000000004,0
-5.895,7.255000000000001,0
0.055000000000000604,-9.195,0
-5.895,6.8050000000000015,0
-5.895,6.355,0
-1.8449999999999998,-9.195,0
-5.895,2.1050000000000004,0
-5.895,1.6549999999999994,0
-5.895,1.205,0
-3.995,7.505000000000001,0
-3.445,7.505000000000001,0
-5.895,0.7550000000000008,0
1.0050000000000008,-9.195,0
6.3050000000000015,3.6549999999999994,0
-4.295,-9.195,0
-3.7449999999999997,-9.195,0
6.3050000000000015,3.205,0
6.3050000000000015,2.3049999999999997,0
-5.895,7.505000000000001,0
-5.345,7.505000000000001,0
-5.895,7.0550000000000015,0
-0.8949999999999996,-9.195,0
-0.34499999999999975,-9.195,0
-5.645,-9.195,0
6.3050000000000015,-2.3950000000000005,0
-5.895,2.8049999999999997,0
-5.895,2.3550000000000004,0
-5.895,1.9049999999999994,0
-2.795,-9.195,0
-2.2449999999999997,-9.195,0
-5.895,1.455,0
-5.895,1.0050000000000008,0
6.3050000000000015,4.355,0
6.3050000000000015,3.9049999999999994,0
6.3050000000000015,3.455,0
0.6050000000000004,-9.195,0
6.3050000000000015,3.005000000000001,0
-5.245,-9.195,0
-4.695,-9.195,0
-4.145,-9.195,0
6.3050000000000015,2.5549999999999997,0
-2.8949999999999996,7.505000000000001,0
-1.295,-9.195,0
6.3050000000000015,-1.6950000000000003,0
6.3050000000000015,-2.1450000000000005,0
0.6550000000000002,-9.195,0
6.3050000000000015,-2.5950000000000006,0
-5.895,3.0549999999999997,0
-4.795,7.505000000000001,0
-5.895,2.6050000000000004,0
-5.895,2.1549999999999994,0
-5.895,1.705,0
6.3050000000000015,5.055,0
-5.895,1.2550000000000008,0
6.3050000000000015,4.605,0
6.3050000000000015,3.705,0
6.3050000000000015,3.255000000000001,0
-5.095,-9.195,0
-3.8449999999999998,7.505000000000001,0
1.1550000000000002,-9.195,0
6.3050000000000015,-1.4450000000000003,0
6.3050000000000015,-1.8950000000000005,0
-5.895,3.755000000000001,0
-5.895,3.3049999999999997,0
-5.895,2.8550000000000004,0
-5.195,7.505000000000001,0
-5.895,2.4049999999999994,0
-5.895,1.955,0
-0.7449999999999992,-9.195,0
-0.1949999999999994,-9.195,0
6.3050000000000015,5.305,0
6.3050000000000015,4.855,0
-2.3449999999999998,7.505000000000001,0
6.3050000000000015,3.955,0
6.3050000000000015,3.505000000000001,0
-2.6449999999999996,-9.195,0
-2.0949999999999998,-9.195,0
6.3050000000000015,-0.745000000000001,0
-4.245,7.505000000000001,0
6.3050000000000015,-1.1950000000000003,0
0.7550000000000008,-9.195,0
-5.895,4.005000000000001,0
6.3050000000000015,-1.6450000000000005,0
6.3050000000000015,-2.0950000000000006,0
-5.895,3.5549999999999997,0
-4.545,-9.195,0
6.3050000000000015,-2.545,0
-5.895,3.1050000000000004,0
-5.895,2.6549999999999994,0
-5.895,2.205,0
6.3050000000000015,6.005000000000001,0
6.3050000000000015,5.555,0
-1.6949999999999994,-9.195,0
-1.1449999999999996,-9.195,0
-0.5949999999999998,-9.195,0
6.3050000000000015,5.105,0
6.3050000000000015,4.205,0
-2.7449999999999997,7.505000000000001,0
-3.5949999999999998,-9.195,0
-3.045,-9.195,0
-2.4949999999999997,-9.195,0
6.3050000000000015,-0.495000000000001,0
6.3050000000000015,-0.9450000000000003,0
-5.895,4.705,0
-4.645,7.505000000000001,0
6.3050000000000015,-1.3950000000000005,0
-5.895,4.255000000000001,0
6.3050000000000015,-1.8450000000000006,0
-5.895,3.8049999999999997,0
0.3550000000000004,-9.195,0
6.3050000000000015,-2.295,0
-5.895,3.3550000000000004,0
-5.495,-9.195,0
-4.945,-9.195,0
-4.395,-9.195,0
-5.895,2.9049999999999994,0
-3.1449999999999996,7.505000000000001,0
6.3050000000000015,6.255000000000001,0
6.3050000000000015,5.805,0
6.3050000000000015,5.355,0
-1.545,-9.195,0
6.3050000000000015,4.455,0
0.40500000000000025,-9.195,0
-5.595,7.505000000000001,0
6.3050000000000015,0.20500000000000007,0
-3.445,-9.195,0
-5.895,4.955,0
-2.195,7.505000000000001,0
-5.895,4.505000000000001,0
6.3050000000000015,-0.6950000000000003,0
6.3050000000000015,-1.1449999999999996,0
6.3050000000000015,-1.5950000000000006,0
-5.895,3.6050000000000004,0
-5.895,3.1549999999999994,0
6.3050000000000015,6.955,0
-5.895,-9.195,0
-5.345,-9.195,0
6.3050000000000015,6.055,0
-4.095,7.505000000000001,0
-3.545,7.505000000000001,0
6.3050000000000015,5.605,0
6.3050000000000015,0.45500000000000007,0
-0.9949999999999992,-9.195,0
6.3050000000000015,0.004999999999999005,0
-5.895,5.654999999999999,0
6.3050000000000015,-0.4450000000000003,0
-5.895,5.205,0
6.3050000000000015,-0.8949999999999996,0
-5.895,4.755000000000001,0
-5.895,4.305,0
6.3050000000000015,-1.3450000000000006,0
-5.895,3.8550000000000004,0
6.3050000000000015,7.205,0
-2.8949999999999996,-9.195,0
6.3050000000000015,6.305,0
6.3050000000000015,5.855,0
-5.045,7.505000000000001,0
-4.495,7.505000000000001,0
-0.04499999999999993,-9.195,0
0.5050000000000008,-9.195,0
1.0550000000000006,-9.195,0
-4.795,-9.195,0
6.3050000000000015,0.7050000000000001,0
-5.895,5.904999999999999,0
-5.895,5.455,0
-1.9449999999999998,-9.195,0
-1.3949999999999996,-9.195,0
-0.8449999999999998,-9.195,0
-5.895,5.005000000000001,0
6.3050000000000015,-0.6449999999999996,0
-5.895,4.555,0
-5.895,4.105,0
6.3050000000000015,7.455,0
6.3050000000000015,6.555,0
-3.295,-9.195,0
6.3050000000000015,6.105,0
-2.045,7.505000000000001,0
-5.445,7.505000000000001,0
-0.4449999999999994,-9.195,0
0.10500000000000043,-9.195,0
-5.745,-9.195,0
-5.195,-9.195,0
6.3050000000000015,1.4049999999999994,0
6.3050000000000015,0.9550000000000001,0
-5.895,6.605,0
-5.895,6.154999999999999,0
-5.895,5.705,0
6.3050000000000015,-0.3949999999999996,0
-5.895,5.255000000000001,0
-2.3449999999999998,-9.195,0
-1.795,-9.195,0
-5.895,4.805,0
6.3050000000000015,7.255000000000001,0
6.3050000000000015,6.8050000000000015,0
6.3050000000000015,6.355,0
-4.245,-9.195,0
-2.445,7.505000000000001,0
-5.895,7.3050000000000015,0
6.3050000000000015,1.205,0
-5.895,6.854999999999999,0
-5.895,6.404999999999999,0
-4.895,7.505000000000001,0
-4.345,7.505000000000001,0
-5.895,5.955,0
6.3050000000000015,0.3049999999999997,0
-5.895,5.505000000000001,0
-2.7449999999999997,-9.195,0
6.3050000000000015,7.0550000000000015,0
-5.895,0.8049999999999997,0
-1.245,-9.195,0
-4.645,-9.195,0
-3.3949999999999996,7.505000000000001,0
-2.8449999999999998,7.505000000000001,0
6.3050000000000015,2.8049999999999997,0
6.3050000000000015,2.3550000000000004,0
6.3050000000000015,1.9049999999999994,0
6.3050000000000015,1.455,0
-3.1449999999999996,-9.195,0
-5.895,7.104999999999999,0
-5.895,6.654999999999999,0
-5.895,6.205,0
-5.895,5.755000000000001,0
-5.295,7.505000000000001,0
-4.745,7.505000000000001,0
-0.29499999999999993,-9.195,0
0.2550000000000008,-9.195,0
-5.595,-9.195,0
-5.895,1.5050000000000008,0
-5.895,1.0549999999999997,0
-2.195,-9.195,0
-1.6449999999999996,-9.195,0
6.3050000000000015,3.0549999999999997,0
6.3050000000000015,1.705,0
-5.895,7.354999999999999,0
1.205,-9.195,0
-5.895,6.904999999999999,0
-4.095,-9.195,0
-3.545,-9.195,0
-5.895,6.455,0
-5.695,7.505000000000001,0
-0.6949999999999994,-9.195,0
-0.14499999999999957,-9.195,0
-5.895,1.7550000000000008,0
1.2550000000000008,-9.195,0
-5.895,1.3049999999999997,0
-5.895,0.8550000000000004,0
6.3050000000000015,3.3049999999999997,0
6.3050000000000015,2.8550000000000004,0
6.3050000000000015,1.955,0
-5.895,7.154999999999999,0
0.8050000000000006,-9.195,0
-5.895,6.705,0
-5.045,-9.195,0
-3.2449999999999997,7.505000000000001,0
-2.695,7.505000000000001,0
6.3050000000000015,-2.745,0
-5.895,2.455,0
-5.895,2.005000000000001,0
-5.895,1.5549999999999997,0
-5.895,1.1050000000000004,0
-5.145,7.505000000000001,0
-4.595,7.505000000000001,0
6.3050000000000015,3.5549999999999997,0
6.3050000000000015,3.1050000000000004,0
6.3050000000000015,2.6549999999999994,0
6.3050000000000015,2.205,0
-5.895,7.404999999999999,0
-2.045,-9.195,0
6.3050000000000015,-2.045,0
-5.445,-9.195,0
-4.195,7.505000000000001,0
-3.645,7.505000000000001,0
-3.0949999999999998,7.505000000000001,0
-5.895,2.705,0
-5.895,2.255000000000001,0
-5.895,1.8049999999999997,0
-3.945,-9.195,0
-5.895,1.3550000000000004,0
-5.895,0.9049999999999994,0
6.3050000000000015,4.705,0
6.3050000000000015,4.255000000000001,0
-5.545,7.505000000000001,0
-4.995,7.505000000000001,0
6.3050000000000015,3.8049999999999997,0
6.3050000000000015,3.3550000000000004,0
-1.0949999999999998,-9.195,0
-0.5449999999999999,-9.195,0
0.005000000000000782,-9.195,0
6.3050000000000015,2.9049999999999994,0
-5.845,-9.195,0
-2.445,-9.195,0
-1.8949999999999996,-9.195,0
6.3050000000000015,-1.795,0
6.3050000000000015,-2.245,0
-5.895,3.4049999999999994,0
6.3050000000000015,-2.6950000000000003,0
-5.895,2.955,0
-4.045,7.505000000000001,0
-5.895,2.505000000000001,0
-5.895,2.0549999999999997,0
0.9550000000000001,-9.195,0
-5.895,1.6050000000000004,0
-4.895,-9.195,0
6.3050000000000015,4.955,0
6.3050000000000015,4.055,0
6.3050000000000015,3.6050000000000004,0
-1.495,-9.195,0
-0.9449999999999994,-9.195,0
6.3050000000000015,-1.0950000000000006,0
6.3050000000000015,-1.545,0
6.3050000000000015,-1.995,0
-3.3949999999999996,-9.195,0
-2.8449999999999998,-9.195,0
-5.895,3.6549999999999994,0
-1.5949999999999998,7.505000000000001,0
6.3050000000000015,-2.4450000000000003,0
-5.895,2.755000000000001,0
-5.895,2.3049999999999997,0
-5.895,1.8550000000000004,0
6.3050000000000015,5.654999999999999,0
6.3050000000000015,5.205,0
6.3050000000000015,4.755000000000001,0
-5.295,-9.195,0
-4.745,-9.195,0
6.3050000000000015,4.305,0
-3.4949999999999997,7.505000000000001,0
6.3050000000000015,-0.8450000000000006,0
-5.395,7.505000000000001,0
6.3050000000000015,-1.295,0
-5.895,4.355,0
-0.3949999999999996,-9.195,0
-5.895,3.9049999999999994,0
6.3050000000000015,-1.745,0
6.3050000000000015,-2.1950000000000003,0
-5.895,3.455,0
-3.795,-9.195,0
-5.895,3.005000000000001,0
6.3050000000000015,-2.6450000000000005,0
-2.545,7.505000000000001,0
-5.895,2.5549999999999997,0
6.3050000000000015,5.904999999999999,0
6.3050000000000015,5.455,0
-2.295,-9.195,0
6.3050000000000015,5.005000000000001,0
6.3050000000000015,4.555,0
-5.695,-9.195,0
6.3050000000000015,4.105,0
-4.445,7.505000000000001,0
-3.895,7.505000000000001,0
0.5550000000000006,-9.195,0
1.1050000000000004,-9.195,0
6.3050000000000015,-0.14499999999999957,0
6.3050000000000015,-0.5950000000000006,0
-5.895,5.055,0
-5.895,4.605,0
6.3050000000000015,-1.045,0
-5.795,7.505000000000001,0
6.3050000000000015,-1.495,0
-5.895,4.154999999999999,0
6.3050000000000015,-1.9450000000000003,0
-5.895,3.705,0
-1.3449999999999998,-9.195,0
-0.7949999999999999,-9.195,0
-5.895,3.255000000000001,0
6.3050000000000015,6.605,0
6.3050000000000015,6.154999999999999,0
-2.945,7.505000000000001,0
6.3050000000000015,5.705,0
6.3050000000000015,5.255000000000001,0
6.3050000000000015,4.805,0
-3.2449999999999997,-9.195,0
-2.695,-9.195,0
-4.845,7.505000000000001,0
6.3050000000000015,0.5549999999999997,0
0.15500000000000025,-9.195,0
0.7050000000000001,-9.195,0
6.3050000000000015,0.10500000000000043,0
6.3050000000000015,-0.34500000000000064,0
-5.145,-9.195,0
-4.595,-9.195,0
-5.895,5.305,0
6.3050000000000015,-0.7949999999999999,0
-5.895,4.855,0
-3.3449999999999998,7.505000000000001,0
6.3050000000000015,-1.245,0
-5.895,4.404999999999999,0
-5.895,3.955,0
-5.895,3.505000000000001,0
6.3050000000000015,7.3050000000000015,0
-1.745,-9.195,0
-1.1949999999999994,-9.195,0
6.3050000000000015,6.854999999999999,0
6.3050000000000015,6.404999999999999,0
0.20500000000000007,-9.195,0
-4.195,-9.195,0
-3.645,-9.195,0
-3.0949999999999998,-9.195,0
-1.8449999999999998,7.505000000000001,0
6.3050000000000015,0.8049999999999997,0
-5.895,6.005000000000001,0
6.3050000000000015,-0.09500000000000064,0
-5.895,5.555,0
-0.24499999999999922,-9.195,0
6.3050000000000015,-0.5449999999999999,0
-5.895,5.105,0
-5.545,-9.195,0
-4.995,-9.195,0
-5.895,4.654999999999999,0
-4.295,7.505000000000001,0
-3.7449999999999997,7.505000000000001,0
-5.895,4.205,0
6.3050000000000015,-0.995000000000001,0
6.3050000000000015,7.104999999999999,0
-5.645,7.505000000000001,0
-4.045,-9.195,0
6.3050000000000015,1.0549999999999997,0
-5.895,6.255000000000001,0
-5.895,5.805,0
6.3050000000000015,-0.29499999999999993,0
-5.895,5.355,0
-5.895,4.904999999999999,0
-5.895,4.455,0
-5.245,7.505000000000001,0
-4.695,7.505000000000001,0
-4.145,7.505000000000001,0
6.3050000000000015,7.354999999999999,0
0.3050000000000006,-9.195,0
0.8550000000000004,-9.195,0
6.3050000000000015,6.455,0
-1.5949999999999998,-9.195,0
-1.045,-9.195,0
6.3050000000000015,1.3049999999999997,0
-5.895,6.955,0
-5.895,6.505000000000001,0
-3.195,7.505000000000001,0
-5.895,6.055,0
-5.895,5.605,0
-5.895,5.154999999999999,0
-3.4949999999999997,-9.195,0
-5.095,7.505000000000001,0
6.3050000000000015,6.705,0
-0.6449999999999996,-9.195,0
-0.09499999999999975,-9.195,0
0.45500000000000007,-9.195,0
-5.395,-9.195,0
6.3050000000000015,2.455,0
6.3050000000000015,1.5549999999999997,0
-2.545,-9.195,0
-1.9949999999999997,-9.195,0
-1.4449999999999994,-9.195,0
-5.895,7.205,0
-5.895,6.755000000000001,0
-5.895,6.305,0
-5.895,5.855,0
-5.895,5.404999999999999,0
-4.445,-9.195,0
-3.895,-9.195,0
-2.6449999999999996,7.505000000000001,0
6.3050000000000015,7.404999999999999,0
-5.895,1.1549999999999994,0
-0.4949999999999992,-9.195,0
-5.795,-9.195,0
0.9050000000000002,-9.195,0
-4.545,7.505000000000001,0
6.3050000000000015,2.705,0
6.3050000000000015,1.8049999999999997,0
-5.895,7.455,0
-5.895,7.005000000000001,0
-2.945,-9.195,0
-5.895,6.555,0
6.3050000000000015,0.9049999999999994,0
-1.6949999999999994,7.505000000000001,0
-5.895,6.105,0
-4.845,-9.195,0
-5.895,1.4049999999999994,0
-3.5949999999999998,7.505000000000001,0
-3.045,7.505000000000001,0
-2.4949999999999997,7.505000000000001,0
-5.895,0.9550000000000001,0
-3.3449999999999998,-9.195,0
